Date,Open,High,Low,Close,Adj Close,Volume
2017-01-03,166.3000030517578,169.66000366210938,165.82000732421875,168.3000030517578,168.3000030517578,2314700
2017-01-04,169.74000549316406,173.25999450683594,168.3000030517578,171.9600067138672,171.9600067138672,2033200
2017-01-05,172.64999389648438,177.83999633789062,172.5,177.47000122070312,177.47000122070312,2733000
2017-01-06,176.27999877929688,177.27999877929688,173.25,176.3800048828125,176.3800048828125,2254700
2017-01-09,178.0,179.72000122070312,176.82000732421875,177.16000366210938,177.16000366210938,1760400
2017-01-10,179.8300018310547,183.0,178.3000030517578,180.30999755859375,180.30999755859375,2922300
2017-01-11,179.57000732421875,180.17999267578125,176.8000030517578,179.32000732421875,179.32000732421875,1929900
2017-01-12,178.8000030517578,179.47000122070312,175.66000366210938,177.57000732421875,177.57000732421875,2680100
2017-01-13,178.0,178.7100067138672,176.36000061035156,176.47999572753906,176.47999572753906,1411900
2017-01-17,175.5800018310547,178.27999877929688,174.49000549316406,176.9600067138672,176.9600067138672,2073200
2017-01-18,178.58999633789062,180.77999877929688,174.72999572753906,176.5399932861328,176.5399932861328,2005000
2017-01-19,176.83999633789062,176.83999633789062,174.42999267578125,176.08999633789062,176.08999633789062,1430500
2017-01-20,175.3000030517578,176.4600067138672,173.1300048828125,173.44000244140625,173.44000244140625,2048400
2017-01-23,173.94000244140625,176.17999267578125,173.27999877929688,175.97000122070312,175.97000122070312,2100600
2017-01-24,177.6999969482422,179.0,175.5,176.0500030517578,176.0500030517578,1600400
2017-01-25,177.39999389648438,179.0,176.25,176.61000061035156,176.61000061035156,2122000
2017-01-26,177.64999389648438,177.6699981689453,174.64999389648438,174.9499969482422,174.9499969482422,2194200
2017-01-27,175.0,175.0,173.22000122070312,174.10000610351562,174.10000610351562,1575700
2017-01-30,173.16000366210938,174.97000122070312,171.72000122070312,174.72000122070312,174.72000122070312,1358900
2017-01-31,173.67999267578125,176.17999267578125,173.00999450683594,175.07000732421875,175.07000732421875,1325800
2017-02-01,176.72999572753906,176.72999572753906,172.5500030517578,173.82000732421875,173.82000732421875,1216400
2017-02-02,173.50999450683594,175.17999267578125,172.4600067138672,173.39999389648438,173.39999389648438,962600
2017-02-03,174.9600067138672,176.58999633789062,173.55999755859375,175.1699981689453,175.1699981689453,1578100
2017-02-06,175.7899932861328,179.0800018310547,175.14999389648438,177.80999755859375,177.80999755859375,2320900
2017-02-07,179.5800018310547,179.60000610351562,176.75,178.1699981689453,178.1699981689453,1535200
2017-02-08,179.16000366210938,182.41000366210938,177.52999877929688,181.5,181.5,2114200
2017-02-09,181.22999572753906,183.4600067138672,181.05999755859375,181.5,181.5,1743700
2017-02-10,182.5800018310547,184.16000366210938,181.2100067138672,183.99000549316406,183.99000549316406,2149800
2017-02-13,184.5,185.44000244140625,183.3300018310547,184.30999755859375,184.30999755859375,2428500
2017-02-14,184.00999450683594,185.66000366210938,182.27999877929688,182.77000427246094,182.77000427246094,1932000
2017-02-15,183.64999389648438,185.13999938964844,182.80999755859375,183.5800018310547,183.5800018310547,1203400
2017-02-16,183.6199951171875,186.75,182.77000427246094,184.94000244140625,184.94000244140625,2301500
2017-02-17,183.9199981689453,185.2100067138672,183.3300018310547,185.1699981689453,185.1699981689453,1622700
2017-02-21,185.22999572753906,185.92999267578125,183.30999755859375,185.6199951171875,185.6199951171875,3465400
2017-02-22,185.0,187.97999572753906,184.97000122070312,186.00999450683594,186.00999450683594,2698600
2017-02-23,187.88999938964844,188.5399932861328,183.91000366210938,184.63999938964844,184.63999938964844,3812900
2017-02-24,181.0,181.75,173.91000366210938,175.1699981689453,175.1699981689453,7534000
2017-02-27,175.1699981689453,176.27999877929688,171.72999572753906,172.97000122070312,172.97000122070312,3520700
2017-02-28,172.8000030517578,175.9199981689453,172.8000030517578,174.1300048828125,174.1300048828125,2392000
2017-03-01,176.44000244140625,176.7899932861328,175.1300048828125,175.3300018310547,175.3300018310547,1799100
2017-03-02,175.3300018310547,176.49000549316406,172.97000122070312,174.47999572753906,174.47999572753906,2108800
2017-03-03,174.52999877929688,175.7100067138672,173.27999877929688,173.7899932861328,173.7899932861328,1115700
2017-03-06,174.14999389648438,174.14999389648438,172.3800048828125,173.3000030517578,173.3000030517578,1223300
2017-03-07,172.77000427246094,174.0,171.24000549316406,173.74000549316406,173.74000549316406,1366200
2017-03-08,173.80999755859375,175.3000030517578,173.3000030517578,173.8699951171875,173.8699951171875,1228500
2017-03-09,174.02999877929688,175.1999969482422,172.94000244140625,173.32000732421875,173.32000732421875,1943400
2017-03-10,173.5500030517578,173.91000366210938,171.92999267578125,172.74000549316406,172.74000549316406,1802700
2017-03-13,172.88999938964844,174.11000061035156,172.5,173.25,173.25,1549400
2017-03-14,173.0,173.5,172.00999450683594,172.83999633789062,172.83999633789062,1015500
2017-03-15,173.00999450683594,173.30999755859375,170.4199981689453,172.0399932861328,172.0399932861328,2651300
2017-03-16,173.5399932861328,177.5500030517578,173.39999389648438,176.57000732421875,176.57000732421875,4043600
2017-03-17,176.88999938964844,178.86000061035156,176.17999267578125,176.6199951171875,176.6199951171875,2017400
2017-03-20,177.10000610351562,177.86000061035156,174.58999633789062,176.1300048828125,176.1300048828125,1829100
2017-03-21,177.5,177.6999969482422,170.27000427246094,171.39999389648438,171.39999389648438,3351300
2017-03-22,169.82000732421875,169.82000732421875,167.75,169.55999755859375,169.55999755859375,3482600
2017-03-23,168.75,170.02000427246094,167.25,169.61000061035156,169.61000061035156,2847700
2017-03-24,170.38999938964844,170.47000122070312,167.85000610351562,168.25999450683594,168.25999450683594,2157600
2017-03-27,166.22999572753906,170.6699981689453,166.0,168.92999267578125,168.92999267578125,2047800
2017-03-28,168.92999267578125,170.6699981689453,168.5800018310547,169.7899932861328,169.7899932861328,2059200
2017-03-29,170.0,172.10000610351562,169.33999633789062,170.66000366210938,170.66000366210938,1510600
2017-03-30,171.7100067138672,172.6199951171875,171.1699981689453,172.36000061035156,172.36000061035156,2380700
2017-03-31,171.4600067138672,173.9499969482422,171.4600067138672,172.52000427246094,172.52000427246094,2537000
2017-04-03,173.0,175.89999389648438,173.0,175.0,175.0,2352400
2017-04-04,174.75999450683594,176.66000366210938,174.1300048828125,175.1999969482422,175.1999969482422,1899200
2017-04-05,175.35000610351562,176.30999755859375,172.4600067138672,172.9199981689453,172.9199981689453,2187200
2017-04-06,173.8000030517578,174.72999572753906,173.0399932861328,173.3800048828125,173.3800048828125,2057900
2017-04-07,173.67999267578125,173.94000244140625,171.1699981689453,172.44000244140625,172.44000244140625,1963500
2017-04-10,172.3000030517578,174.67999267578125,172.1699981689453,174.22000122070312,174.22000122070312,1701000
2017-04-11,173.97000122070312,175.24000549316406,172.5800018310547,173.00999450683594,173.00999450683594,1844500
2017-04-12,172.47000122070312,174.8699951171875,172.3300018310547,173.61000061035156,173.61000061035156,1205400
2017-04-13,173.5500030517578,174.75999450683594,172.4600067138672,172.61000061035156,172.61000061035156,1336700
2017-04-17,172.61000061035156,173.8000030517578,172.61000061035156,173.30999755859375,173.30999755859375,1365700
2017-04-18,173.30999755859375,174.55999755859375,172.07000732421875,174.47000122070312,174.47000122070312,1806600
2017-04-19,175.6199951171875,181.17999267578125,175.33999633789062,177.80999755859375,177.80999755859375,3998400
2017-04-20,178.99000549316406,180.3800048828125,178.41000366210938,178.63999938964844,178.63999938964844,2478500
2017-04-21,180.39999389648438,180.39999389648438,177.86000061035156,178.0800018310547,178.0800018310547,1628700
2017-04-24,180.0,180.64999389648438,179.5399932861328,180.02999877929688,180.02999877929688,1908400
2017-04-25,182.86000061035156,187.5,182.3300018310547,186.99000549316406,186.99000549316406,3750300
2017-04-26,187.89999389648438,188.0,184.89999389648438,186.6699981689453,186.6699981689453,2895000
2017-04-27,187.80999755859375,188.60000610351562,186.10000610351562,187.86000061035156,187.86000061035156,3169500
2017-04-28,181.0800018310547,182.9600067138672,176.07000732421875,180.22999572753906,180.22999572753906,7429400
2017-05-01,180.4499969482422,181.1699981689453,177.19000244140625,180.05999755859375,180.05999755859375,3487000
2017-05-02,180.10000610351562,180.39999389648438,178.0,178.63999938964844,178.63999938964844,2431500
2017-05-03,179.00999450683594,179.00999450683594,176.89999389648438,177.39999389648438,177.39999389648438,2017200
2017-05-04,177.88999938964844,178.0,176.27999877929688,176.7100067138672,176.7100067138672,2128900
2017-05-05,176.3000030517578,178.3000030517578,174.77000427246094,178.02999877929688,178.02999877929688,2328200
2017-05-08,178.5,178.5399932861328,176.67999267578125,177.47000122070312,177.47000122070312,2407900
2017-05-09,178.89999389648438,183.58999633789062,178.36000061035156,182.97999572753906,182.97999572753906,3479400
2017-05-10,182.3699951171875,184.92999267578125,181.6199951171875,183.57000732421875,183.57000732421875,2868100
2017-05-11,183.5399932861328,187.3300018310547,182.9600067138672,186.60000610351562,186.60000610351562,3211500
2017-05-12,186.25,187.97999572753906,185.6699981689453,186.8300018310547,186.8300018310547,1816600
2017-05-15,187.0800018310547,187.4600067138672,185.24000549316406,186.13999938964844,186.13999938964844,1993000
2017-05-16,186.8300018310547,192.3699951171875,186.38999938964844,190.63999938964844,190.63999938964844,3926600
2017-05-17,187.97000122070312,190.7100067138672,185.67999267578125,186.0500030517578,186.0500030517578,3586900
2017-05-18,182.67999267578125,183.6199951171875,181.2899932861328,182.42999267578125,182.42999267578125,4685700
2017-05-19,183.1699981689453,189.4199981689453,182.88999938964844,188.75999450683594,188.75999450683594,3863900
2017-05-22,190.0,193.55999755859375,188.0800018310547,191.69000244140625,191.69000244140625,2921500
2017-05-23,192.6999969482422,193.55999755859375,190.3699951171875,191.8000030517578,191.8000030517578,2147900
2017-05-24,191.02999877929688,191.99000549316406,189.97000122070312,190.6300048828125,190.6300048828125,2804800
2017-05-25,191.22999572753906,193.0,189.8300018310547,191.9499969482422,191.9499969482422,2175400
2017-05-26,192.77999877929688,193.74000549316406,190.08999633789062,190.38999938964844,190.38999938964844,1567700
2017-05-30,190.94000244140625,192.2899932861328,189.36000061035156,189.8800048828125,189.8800048828125,1915000
2017-05-31,189.9499969482422,190.49000549316406,184.32000732421875,186.10000610351562,186.10000610351562,3396400
2017-06-01,186.14999389648438,188.10000610351562,185.58999633789062,187.25999450683594,187.25999450683594,2071200
2017-06-02,188.60000610351562,189.25,187.0,187.60000610351562,187.60000610351562,1192500
2017-06-05,188.7100067138672,188.7100067138672,185.2100067138672,187.30999755859375,187.30999755859375,1424800
2017-06-06,186.72999572753906,187.1999969482422,184.50999450683594,185.75,185.75,2080600
2017-06-07,186.24000549316406,188.58999633789062,184.75,187.52999877929688,187.52999877929688,2451900
2017-06-08,191.60000610351562,192.3800048828125,183.67999267578125,185.75,185.75,4895000
2017-06-09,186.02999877929688,186.10000610351562,178.2100067138672,181.07000732421875,181.07000732421875,4089200
2017-06-12,180.0,182.14999389648438,177.30999755859375,180.05999755859375,180.05999755859375,3057800
2017-06-13,181.52000427246094,181.52000427246094,177.24000549316406,179.19000244140625,179.19000244140625,2571200
2017-06-14,180.60000610351562,180.82000732421875,176.1999969482422,178.1999969482422,178.1999969482422,2142800
2017-06-15,176.19000244140625,176.99000549316406,173.52000427246094,176.3300018310547,176.3300018310547,2718400
2017-06-16,176.41000366210938,176.41000366210938,173.66000366210938,173.8800048828125,173.8800048828125,2497100
2017-06-19,176.3800048828125,179.22999572753906,175.8000030517578,176.92999267578125,176.92999267578125,2510700
2017-06-20,177.69000244140625,178.4199981689453,176.92999267578125,177.85000610351562,177.85000610351562,1763400
2017-06-21,179.13999938964844,181.0,177.92999267578125,180.1699981689453,180.1699981689453,2074900
2017-06-22,179.25,180.7100067138672,177.99000549316406,179.3300018310547,179.3300018310547,1751200
2017-06-23,180.32000732421875,180.5500030517578,177.61000061035156,178.13999938964844,178.13999938964844,1765200
2017-06-26,180.58999633789062,181.74000549316406,178.35000610351562,178.4600067138672,178.4600067138672,2062200
2017-06-27,178.52000427246094,178.64999389648438,175.10000610351562,175.60000610351562,175.60000610351562,2529400
2017-06-28,177.0,178.72000122070312,175.8300018310547,178.0,178.0,2635100
2017-06-29,177.5399932861328,180.4600067138672,177.22000122070312,179.6300048828125,179.6300048828125,3128000
2017-06-30,180.44000244140625,180.8800048828125,178.30999755859375,178.86000061035156,178.86000061035156,2083700
2017-07-03,179.89999389648438,183.5,179.6300048828125,179.97000122070312,179.97000122070312,1917200
2017-07-05,186.3699951171875,187.25,182.1699981689453,183.8300018310547,183.8300018310547,4449600
2017-07-06,183.8800048828125,183.88999938964844,180.67999267578125,181.7899932861328,181.7899932861328,2415300
2017-07-07,181.7899932861328,182.77999877929688,179.9199981689453,181.39999389648438,181.39999389648438,1444500
2017-07-10,182.30999755859375,183.94000244140625,181.58999633789062,182.92999267578125,182.92999267578125,1467000
2017-07-11,183.1999969482422,184.55999755859375,181.8300018310547,184.41000366210938,184.41000366210938,1541300
2017-07-12,185.80999755859375,187.55999755859375,185.25999450683594,186.75999450683594,186.75999450683594,1897100
2017-07-13,187.47000122070312,188.97999572753906,186.14999389648438,186.9199981689453,186.9199981689453,2229700
2017-07-14,187.99000549316406,189.0,187.52999877929688,188.5500030517578,188.5500030517578,1664900
2017-07-17,189.1199951171875,191.77999877929688,186.88999938964844,188.22999572753906,188.22999572753906,2800900
2017-07-18,187.22999572753906,190.10000610351562,186.69000244140625,189.50999450683594,189.50999450683594,1779100
2017-07-19,190.8000030517578,192.35000610351562,189.55999755859375,190.91000366210938,190.91000366210938,2137400
2017-07-20,192.25999450683594,192.86000061035156,190.7899932861328,191.32000732421875,191.32000732421875,1571300
2017-07-21,190.9600067138672,193.1999969482422,190.55999755859375,193.17999267578125,193.17999267578125,1856800
2017-07-24,193.97999572753906,199.25,193.02000427246094,198.64999389648438,198.64999389648438,3927700
2017-07-25,198.5,198.64999389648438,195.97000122070312,197.0500030517578,197.0500030517578,2926200
2017-07-26,196.85000610351562,201.22999572753906,196.75,201.1699981689453,201.1699981689453,3493000
2017-07-27,204.00999450683594,205.60000610351562,197.11000061035156,201.0,201.0,5326400
2017-07-28,211.00999450683594,225.60000610351562,208.8000030517578,220.0,220.0,12591500
2017-07-31,223.58999633789062,230.0,223.0500030517578,226.35000610351562,226.35000610351562,8565200
2017-08-01,227.13999938964844,227.97999572753906,222.1699981689453,225.60000610351562,225.60000610351562,4342200
2017-08-02,224.1199951171875,224.63999938964844,218.5800018310547,221.9600067138672,221.9600067138672,3689400
2017-08-03,221.0,227.97000122070312,220.5500030517578,227.38999938964844,227.38999938964844,3434900
2017-08-04,227.27999877929688,230.33999633789062,225.6999969482422,226.0500030517578,226.0500030517578,3521100
2017-08-07,225.60000610351562,228.99000549316406,224.77000427246094,227.16000366210938,227.16000366210938,2998400
2017-08-08,226.60000610351562,233.3699951171875,226.5399932861328,229.4499969482422,229.4499969482422,4022100
2017-08-09,227.19000244140625,230.49000549316406,225.36000061035156,230.3000030517578,230.3000030517578,2514600
2017-08-10,227.5,228.99000549316406,220.47000122070312,222.57000732421875,222.57000732421875,4169100
2017-08-11,218.60000610351562,224.66000366210938,216.1999969482422,223.49000549316406,223.49000549316406,3329900
2017-08-14,223.50999450683594,224.77000427246094,221.0,223.69000244140625,223.69000244140625,2447800
2017-08-15,226.10000610351562,227.66000366210938,223.57000732421875,225.3300018310547,225.3300018310547,2140400
2017-08-16,228.0,228.97999572753906,225.7100067138672,226.13999938964844,226.13999938964844,2214000
2017-08-17,226.4199981689453,227.02000427246094,220.36000061035156,221.0500030517578,221.0500030517578,2654500
2017-08-18,220.77000427246094,221.19000244140625,218.5,220.69000244140625,220.69000244140625,3056100
2017-08-21,223.5,227.9499969482422,221.8800048828125,222.47999572753906,222.47999572753906,2733900
2017-08-22,224.49000549316406,226.49000549316406,222.77999877929688,226.11000061035156,226.11000061035156,2463900
2017-08-23,224.85000610351562,225.7100067138672,223.6300048828125,224.99000549316406,224.99000549316406,1838200
2017-08-24,226.1199951171875,226.75,224.11000061035156,224.86000061035156,224.86000061035156,2151500
2017-08-25,224.9600067138672,229.42999267578125,224.44000244140625,225.5500030517578,225.5500030517578,2449100
2017-08-28,225.9199981689453,226.7899932861328,219.36000061035156,219.99000549316406,219.99000549316406,3002400
2017-08-29,216.0,221.6999969482422,213.52999877929688,220.69000244140625,220.69000244140625,2033700
2017-08-30,221.8000030517578,224.7100067138672,220.36000061035156,223.8800048828125,223.8800048828125,1867700
2017-08-31,224.0,228.67999267578125,222.61000061035156,228.0500030517578,228.0500030517578,2422000
2017-09-01,228.25999450683594,233.7899932861328,226.61000061035156,232.63999938964844,232.63999938964844,2657500
2017-09-05,231.2899932861328,232.47000122070312,224.5800018310547,225.3000030517578,225.3000030517578,3158500
2017-09-06,226.0,228.9600067138672,223.5399932861328,226.97000122070312,226.97000122070312,2003100
2017-09-07,226.0,233.5399932861328,225.7100067138672,233.17999267578125,233.17999267578125,2477200
2017-09-08,232.77999877929688,235.0,228.72999572753906,229.22999572753906,229.22999572753906,1833600
2017-09-11,232.38999938964844,234.6199951171875,232.2100067138672,233.5,233.5,2244800
2017-09-12,234.9499969482422,237.92999267578125,233.83999633789062,237.60000610351562,237.60000610351562,2411700
2017-09-13,237.57000732421875,239.0,235.4499969482422,236.41000366210938,236.41000366210938,2767700
2017-09-14,235.0,238.4600067138672,234.8000030517578,237.3300018310547,237.3300018310547,2511600
2017-09-15,237.8699951171875,239.16000366210938,235.2100067138672,235.2100067138672,235.2100067138672,5230300
2017-09-18,236.7899932861328,240.42999267578125,235.5800018310547,239.07000732421875,239.07000732421875,2972500
2017-09-19,239.02999877929688,240.1300048828125,235.6999969482422,237.85000610351562,237.85000610351562,2339400
2017-09-20,238.5,240.39999389648438,235.50999450683594,237.9600067138672,237.9600067138672,2008500
2017-09-21,239.2100067138672,239.69000244140625,235.35000610351562,238.9199981689453,238.9199981689453,2010500
2017-09-22,237.82000732421875,242.6999969482422,237.19000244140625,240.57000732421875,240.57000732421875,1922400
2017-09-25,239.8699951171875,239.89999389648438,230.5800018310547,234.49000549316406,234.49000549316406,3487400
2017-09-26,236.2899932861328,240.0,234.99000549316406,236.19000244140625,236.19000244140625,2392400
2017-09-27,240.02000427246094,240.75,237.36000061035156,239.82000732421875,239.82000732421875,2158600
2017-09-28,238.47000122070312,242.3699951171875,237.1999969482422,241.27999877929688,241.27999877929688,1957500
2017-09-29,242.02999877929688,248.0,242.02999877929688,247.69000244140625,247.69000244140625,3402400
2017-10-02,248.6199951171875,250.57000732421875,246.5,248.6699981689453,248.6699981689453,2322300
2017-10-03,250.0,250.49000549316406,246.50999450683594,247.0,247.0,2000700
2017-10-04,246.25999450683594,247.0,243.6699981689453,243.97000122070312,243.97000122070312,1755200
2017-10-05,246.49000549316406,247.5,242.22000122070312,245.27000427246094,245.27000427246094,2157200
2017-10-06,244.8300018310547,247.86000061035156,244.16000366210938,247.69000244140625,247.69000244140625,1342800
2017-10-09,248.16000366210938,254.27999877929688,247.42999267578125,252.22000122070312,252.22000122070312,2405400
2017-10-10,254.36000061035156,262.69000244140625,253.52000427246094,262.4100036621094,262.4100036621094,4294500
2017-10-11,261.05999755859375,263.44000244140625,258.510009765625,260.32000732421875,260.32000732421875,2797500
2017-10-12,259.5299987792969,261.3599853515625,258.05999755859375,259.3299865722656,259.3299865722656,2185600
2017-10-13,260.1099853515625,264.6600036621094,259.6099853515625,262.67999267578125,262.67999267578125,2111000
2017-10-16,264.9800109863281,273.07000732421875,264.0,272.82000732421875,272.82000732421875,3620200
2017-10-17,273.70001220703125,274.9700012207031,269.44000244140625,270.32000732421875,270.32000732421875,3191100
2017-10-18,271.1000061035156,271.489990234375,266.9700012207031,268.9700012207031,268.9700012207031,2158600
2017-10-19,262.260009765625,265.5299987792969,259.1499938964844,264.5199890136719,264.5199890136719,2982900
2017-10-20,268.3999938964844,269.79998779296875,264.3500061035156,264.8999938964844,264.8999938964844,2115500
2017-10-23,266.1000061035156,267.8699951171875,261.510009765625,266.1300048828125,266.1300048828125,2018000
2017-10-24,266.20001220703125,266.79998779296875,263.1199951171875,264.0,264.0,1642800
2017-10-25,264.67999267578125,268.510009765625,257.69000244140625,263.0400085449219,263.0400085449219,3120800
2017-10-26,262.05999755859375,265.510009765625,259.4700012207031,260.6199951171875,260.6199951171875,3780100
2017-10-27,241.82000732421875,247.38999938964844,235.72999572753906,239.3699951171875,239.3699951171875,10851300
2017-10-30,240.9600067138672,244.5500030517578,232.44000244140625,236.4199981689453,236.4199981689453,5107700
2017-10-31,238.0,244.41000366210938,235.02999877929688,243.94000244140625,243.94000244140625,3758200
2017-11-01,247.7100067138672,251.17999267578125,245.25999450683594,245.42999267578125,245.42999267578125,3619000
2017-11-02,246.3699951171875,247.22999572753906,239.5,242.08999633789062,242.08999633789062,2581800
2017-11-03,242.64999389648438,244.38999938964844,240.32000732421875,241.5399932861328,241.5399932861328,1623100
2017-11-06,242.7100067138672,246.6999969482422,240.8000030517578,244.52999877929688,244.52999877929688,1835100
2017-11-07,246.6199951171875,247.9199981689453,242.41000366210938,243.47000122070312,243.47000122070312,1633500
2017-11-08,243.6300048828125,244.52999877929688,238.8000030517578,241.17999267578125,241.17999267578125,2088900
2017-11-09,237.99000549316406,240.5500030517578,236.2899932861328,240.05999755859375,240.05999755859375,2565400
2017-11-10,239.5800018310547,239.5800018310547,236.5,237.39999389648438,237.39999389648438,1720500
2017-11-13,234.69000244140625,238.4600067138672,232.02000427246094,237.3699951171875,237.3699951171875,1712900
2017-11-14,236.60000610351562,237.0,232.9199981689453,234.9199981689453,234.9199981689453,1563700
2017-11-15,232.00999450683594,234.83999633789062,226.00999450683594,234.2100067138672,234.2100067138672,2657200
2017-11-16,236.7100067138672,240.7100067138672,234.25999450683594,239.32000732421875,239.32000732421875,2265600
2017-11-17,241.8000030517578,243.0399932861328,239.00999450683594,239.27000427246094,239.27000427246094,2227800
2017-11-20,241.0,242.6300048828125,237.66000366210938,238.5399932861328,238.5399932861328,2079600
2017-11-21,242.0,246.89999389648438,240.1999969482422,244.3000030517578,244.3000030517578,2594800
2017-11-22,246.75,252.89999389648438,246.38999938964844,249.64999389648438,249.64999389648438,3478300
2017-11-24,249.5,250.3699951171875,245.72999572753906,249.4199981689453,249.4199981689453,1610900
2017-11-27,246.0,248.97000122070312,245.6199951171875,247.02000427246094,247.02000427246094,2018800
2017-11-28,249.0,249.0,241.91000366210938,244.02999877929688,244.02999877929688,2343800
2017-11-29,242.32000732421875,243.8800048828125,229.00999450683594,235.49000549316406,235.49000549316406,3531600
2017-11-30,237.3800048828125,239.19000244140625,235.19000244140625,238.5800018310547,238.5800018310547,3127900
2017-12-01,233.64999389648438,238.63999938964844,232.50999450683594,235.07000732421875,235.07000732421875,2386700
2017-12-04,237.7100067138672,237.91000366210938,226.35000610351562,229.66000366210938,229.66000366210938,3327000
2017-12-05,226.0,234.10000610351562,225.5,231.75,231.75,2874900
2017-12-06,228.35000610351562,231.88999938964844,227.22000122070312,231.14999389648438,231.14999389648438,2112500
2017-12-07,231.16000366210938,235.66000366210938,231.00999450683594,233.00999450683594,233.00999450683594,1791500
2017-12-08,236.91000366210938,237.74000549316406,234.42999267578125,234.58999633789062,234.58999633789062,2151500
2017-12-11,235.5,236.6300048828125,233.1699981689453,233.5399932861328,233.5399932861328,1996900
2017-12-12,231.50999450683594,232.9499969482422,229.9199981689453,232.72999572753906,232.72999572753906,1911700
2017-12-13,234.8800048828125,237.1699981689453,231.85000610351562,233.24000549316406,233.24000549316406,2219200
2017-12-14,233.05999755859375,233.14999389648438,227.80999755859375,231.82000732421875,231.82000732421875,2860100
2017-12-15,233.0,233.47999572753906,229.30999755859375,233.47999572753906,233.47999572753906,5249200
2017-12-18,235.82000732421875,241.49000549316406,234.89999389648438,240.92999267578125,240.92999267578125,2073300
2017-12-19,241.58999633789062,242.0,235.1300048828125,235.6199951171875,235.6199951171875,2724600
2017-12-20,236.0399932861328,236.9499969482422,231.2899932861328,233.3699951171875,233.3699951171875,1749100
2017-12-21,234.47999572753906,240.8300018310547,234.00999450683594,239.49000549316406,239.49000549316406,2108600
2017-12-22,237.75999450683594,241.7899932861328,237.4499969482422,239.0500030517578,239.0500030517578,1309000
2017-12-26,237.2100067138672,238.77000427246094,235.3800048828125,237.8300018310547,237.8300018310547,1290500
2017-12-27,237.5,239.13999938964844,235.61000061035156,237.7100067138672,237.7100067138672,930300
2017-12-28,238.57000732421875,239.0,234.39999389648438,234.74000549316406,234.74000549316406,1006500
2017-12-29,234.8300018310547,236.1300048828125,232.5,234.2100067138672,234.2100067138672,1136400
2018-01-02,236.49000549316406,242.82000732421875,235.25999450683594,242.39999389648438,242.39999389648438,2690400
2018-01-03,244.86000061035156,246.25999450683594,240.08999633789062,245.5500030517578,245.5500030517578,1906200
2018-01-04,249.0,249.1999969482422,244.27999877929688,245.72999572753906,245.72999572753906,1575700
2018-01-05,246.83999633789062,248.0,242.60000610351562,245.13999938964844,245.13999938964844,2604000
2018-01-08,247.13999938964844,253.86000061035156,246.75,250.82000732421875,250.82000732421875,2416900
2018-01-09,253.5399932861328,254.99000549316406,248.0500030517578,254.72999572753906,254.72999572753906,2619600
2018-01-10,251.49000549316406,253.74000549316406,247.89999389648438,248.9499969482422,248.9499969482422,2185600
2018-01-11,250.39999389648438,251.49000549316406,246.88999938964844,250.22000122070312,250.22000122070312,1732700
2018-01-12,252.49000549316406,256.9800109863281,250.8699951171875,253.0399932861328,253.0399932861328,3040800
2018-01-16,259.69000244140625,265.7699890136719,256.7799987792969,257.7799987792969,257.7799987792969,4102700
2018-01-17,260.75,260.8900146484375,253.0800018310547,255.49000549316406,255.49000549316406,2217700
2018-01-18,255.49000549316406,256.1499938964844,252.5500030517578,254.9600067138672,254.9600067138672,2041900
2018-01-19,255.8699951171875,258.3299865722656,254.36000061035156,255.97999572753906,255.97999572753906,1846200
2018-01-22,255.99000549316406,256.4200134277344,249.5,254.33999633789062,254.33999633789062,2301700
2018-01-23,252.88999938964844,257.5400085449219,251.25999450683594,257.3500061035156,257.3500061035156,2244400
2018-01-24,258.5799865722656,263.4100036621094,252.10000610351562,257.9599914550781,257.9599914550781,2865400
2018-01-25,259.8299865722656,260.0,253.02999877929688,254.13999938964844,254.13999938964844,2192100
2018-01-26,255.75999450683594,260.42999267578125,253.8000030517578,260.25,260.25,2396400
2018-01-29,256.6600036621094,256.9800109863281,252.8000030517578,253.72999572753906,253.72999572753906,3344800
2018-01-30,247.8699951171875,249.35000610351562,241.1999969482422,244.07000732421875,244.07000732421875,4629800
2018-01-31,247.47999572753906,248.17999267578125,242.39999389648438,246.9199981689453,246.9199981689453,3644000
2018-02-01,243.3300018310547,248.22999572753906,239.3699951171875,240.52999877929688,240.52999877929688,2771200
2018-02-02,237.49000549316406,238.5,232.42999267578125,233.1699981689453,233.1699981689453,3330600
2018-02-05,229.4199981689453,235.69000244140625,224.5800018310547,225.32000732421875,225.32000732421875,3956600
2018-02-06,218.0,230.0,216.0,228.77000427246094,228.77000427246094,5054200
2018-02-07,228.25999450683594,229.66000366210938,222.5,222.5,222.5,2418300
2018-02-08,223.00999450683594,225.7100067138672,211.6999969482422,212.07000732421875,212.07000732421875,4157900
2018-02-09,213.4600067138672,218.41000366210938,207.74000549316406,215.6699981689453,215.6699981689453,4769400
2018-02-12,219.99000549316406,223.24000549316406,218.5399932861328,221.63999938964844,221.63999938964844,3085800
2018-02-13,223.41000366210938,227.6999969482422,221.8000030517578,225.60000610351562,225.60000610351562,4713900
2018-02-14,236.0399932861328,239.8800048828125,232.69000244140625,235.88999938964844,235.88999938964844,7950200
2018-02-15,240.99000549316406,248.2899932861328,237.1300048828125,248.1999969482422,248.1999969482422,5593200
2018-02-16,248.0,248.74000549316406,242.89999389648438,244.72000122070312,244.72000122070312,2198700
2018-02-20,243.07000732421875,248.00999450683594,242.13999938964844,245.42999267578125,245.42999267578125,2223800
2018-02-21,247.72000122070312,252.9499969482422,246.75,246.9199981689453,246.9199981689453,2419200
2018-02-22,248.08999633789062,249.42999267578125,244.36000061035156,249.35000610351562,249.35000610351562,2355400
2018-02-23,250.0,252.0,246.88999938964844,250.74000549316406,250.74000549316406,1791200
2018-02-26,251.33999633789062,256.2900085449219,250.86000061035156,256.25,256.25,2596500
2018-02-27,253.5,257.55999755859375,250.2100067138672,250.4600067138672,250.4600067138672,2696900
2018-02-28,254.0,255.0,250.57000732421875,252.33999633789062,252.33999633789062,2672700
2018-03-01,251.6300048828125,256.20001220703125,245.67999267578125,249.75,249.75,3005200
2018-03-02,242.32000732421875,251.5800018310547,240.66000366210938,250.60000610351562,250.60000610351562,2433500
2018-03-05,248.08999633789062,256.3299865722656,246.2100067138672,254.88999938964844,254.88999938964844,2272000
2018-03-06,257.989990234375,260.0,255.72999572753906,258.7300109863281,258.7300109863281,2600600
2018-03-07,255.92999267578125,258.32000732421875,254.16000366210938,257.260009765625,257.260009765625,1662100
2018-03-08,257.5400085449219,258.54998779296875,254.86000061035156,257.1400146484375,257.1400146484375,2285400
2018-03-09,259.25,267.6000061035156,257.8599853515625,263.55999755859375,263.55999755859375,3757800
2018-03-12,264.9200134277344,270.5799865722656,263.239990234375,265.6700134277344,265.6700134277344,2576300
2018-03-13,268.0,268.0,257.3399963378906,258.3500061035156,258.3500061035156,2566700
2018-03-14,259.7300109863281,262.75,256.7300109863281,259.3500061035156,259.3500061035156,2346000
2018-03-15,263.010009765625,264.75,260.489990234375,262.7099914550781,262.7099914550781,2506800
2018-03-16,259.6099853515625,263.70001220703125,257.2099914550781,262.3900146484375,262.3900146484375,4646100
2018-03-19,261.4700012207031,261.760009765625,250.35000610351562,252.8300018310547,252.8300018310547,3095100
2018-03-20,253.75,256.739990234375,252.11000061035156,254.4600067138672,254.4600067138672,2361500
2018-03-21,254.25999450683594,254.25999450683594,249.02999877929688,250.0500030517578,250.0500030517578,2643200
2018-03-22,245.0,245.1699981689453,233.72000122070312,236.11000061035156,236.11000061035156,5101300
2018-03-23,236.52000427246094,238.82000732421875,229.33999633789062,230.0800018310547,230.0800018310547,3980300
2018-03-26,236.61000061035156,237.77000427246094,229.3800048828125,235.94000244140625,235.94000244140625,3331000
2018-03-27,239.3800048828125,241.2100067138672,228.6999969482422,230.9600067138672,230.9600067138672,3135800
2018-03-28,228.8000030517578,229.89999389648438,220.1999969482422,223.10000610351562,223.10000610351562,4251400
2018-03-29,225.0,226.47999572753906,220.16000366210938,223.19000244140625,223.19000244140625,3787400
2018-04-02,220.83999633789062,223.8699951171875,216.11000061035156,220.05999755859375,220.05999755859375,2693400
2018-04-03,223.52999877929688,224.77000427246094,216.69000244140625,220.02000427246094,220.02000427246094,2347800
2018-04-04,213.8000030517578,225.9499969482422,213.55999755859375,224.3000030517578,224.3000030517578,4102900
2018-04-05,226.00999450683594,228.5,224.3699951171875,225.57000732421875,225.57000732421875,2103800
2018-04-06,221.3000030517578,225.2899932861328,218.1300048828125,219.82000732421875,219.82000732421875,1741700
2018-04-09,224.6999969482422,227.75,221.9199981689453,224.3300018310547,224.3300018310547,2280100
2018-04-10,231.32000732421875,233.5500030517578,228.4199981689453,231.5,231.5,2622200
2018-04-11,230.0,233.5,228.8800048828125,229.64999389648438,229.64999389648438,1383000
2018-04-12,230.75,232.24000549316406,229.02999877929688,231.33999633789062,231.33999633789062,1217400
2018-04-13,231.8800048828125,233.0,225.77000427246094,228.1699981689453,228.1699981689453,1647000
2018-04-16,228.4499969482422,231.07000732421875,226.52999877929688,229.89999389648438,229.89999389648438,1913800
2018-04-17,230.27000427246094,237.0,228.6300048828125,235.6699981689453,235.6699981689453,2282100
2018-04-18,237.3800048828125,239.91000366210938,236.5,237.75,237.75,2039200
2018-04-19,238.42999267578125,240.39999389648438,235.25999450683594,237.11000061035156,237.11000061035156,1737900
2018-04-20,234.9199981689453,235.69000244140625,230.2100067138672,232.5,232.5,2280200
2018-04-23,232.52000427246094,235.0500030517578,230.13999938964844,231.4199981689453,231.4199981689453,1534400
2018-04-24,233.82000732421875,238.36000061035156,228.5,231.41000366210938,231.41000366210938,2220100
2018-04-25,229.1999969482422,231.4600067138672,222.5,231.41000366210938,231.41000366210938,2256400
2018-04-26,232.8300018310547,239.39999389648438,232.60000610351562,238.69000244140625,238.69000244140625,3899600
2018-04-27,253.9499969482422,257.29998779296875,245.6300048828125,251.92999267578125,251.92999267578125,8015600
2018-04-30,253.69000244140625,255.0,244.39999389648438,250.89999389648438,250.89999389648438,4269500
2018-05-01,247.24000549316406,254.0800018310547,246.00999450683594,252.1300048828125,252.1300048828125,2471100
2018-05-02,250.9199981689453,252.74000549316406,246.8000030517578,249.8000030517578,249.8000030517578,3058000
2018-05-03,249.0,254.5399932861328,245.74000549316406,252.4600067138672,252.4600067138672,2728200
2018-05-04,250.85000610351562,254.74000549316406,249.2899932861328,251.72999572753906,251.72999572753906,2697100
2018-05-07,251.52999877929688,257.0,250.25,253.89999389648438,253.89999389648438,3049400
2018-05-08,255.0,263.989990234375,253.39999389648438,263.0899963378906,263.0899963378906,3601500
2018-05-09,263.1000061035156,264.42999267578125,259.7099914550781,261.2900085449219,261.2900085449219,2302700
2018-05-10,262.17999267578125,269.3999938964844,260.70001220703125,268.67999267578125,268.67999267578125,3070500
2018-05-11,270.9200134277344,271.489990234375,266.3699951171875,269.9100036621094,269.9100036621094,2243200
2018-05-14,271.5,278.760009765625,271.0,272.260009765625,272.260009765625,3283100
2018-05-15,266.4100036621094,271.9800109863281,265.6099853515625,271.9200134277344,271.9200134277344,2301900
2018-05-16,272.739990234375,284.2200012207031,271.2300109863281,284.07000732421875,284.07000732421875,3619800
2018-05-17,280.260009765625,283.95001220703125,278.6000061035156,279.67999267578125,279.67999267578125,3241300
2018-05-18,262.3800048828125,264.6700134277344,251.5800018310547,253.00999450683594,253.00999450683594,16046300
2018-05-21,256.0,256.3599853515625,237.8300018310547,240.50999450683594,240.50999450683594,15249700
2018-05-22,243.99000549316406,247.0500030517578,239.60000610351562,239.97000122070312,239.97000122070312,7133700
2018-05-23,238.77000427246094,243.3300018310547,236.61000061035156,240.38999938964844,240.38999938964844,5038400
2018-05-24,243.49000549316406,243.9499969482422,240.0500030517578,240.27999877929688,240.27999877929688,4782400
2018-05-25,240.47999572753906,245.8000030517578,240.0800018310547,243.8000030517578,243.8000030517578,5296300
2018-05-29,242.5500030517578,245.0399932861328,240.60000610351562,242.0500030517578,242.0500030517578,3632400
2018-05-30,243.69000244140625,243.75,240.47000122070312,241.6300048828125,241.6300048828125,3149000
2018-05-31,242.0399932861328,245.52000427246094,241.9600067138672,242.55999755859375,242.55999755859375,4405300
2018-06-01,245.38999938964844,251.0,244.85000610351562,248.4600067138672,248.4600067138672,4547300
2018-06-04,251.0,261.0,251.0,260.8999938964844,260.8999938964844,5631700
2018-06-05,262.25,265.4100036621094,255.1999969482422,259.9800109863281,259.9800109863281,4978000
2018-06-06,260.17999267578125,263.989990234375,257.0799865722656,263.94000244140625,263.94000244140625,3379500
2018-06-07,264.69000244140625,268.0,263.0299987792969,264.8900146484375,264.8900146484375,3649200
2018-06-08,262.1700134277344,263.8900146484375,259.510009765625,263.5899963378906,263.5899963378906,3116600
2018-06-11,264.0,269.8299865722656,262.5199890136719,269.7799987792969,269.7799987792969,2767500
2018-06-12,270.5400085449219,272.8800048828125,265.6600036621094,267.4200134277344,267.4200134277344,3288700
2018-06-13,268.8599853515625,272.19000244140625,267.9200134277344,270.0,270.0,2670900
2018-06-14,270.4100036621094,273.30999755859375,269.75,270.6400146484375,270.6400146484375,3116400
2018-06-15,268.0,273.6099853515625,266.3500061035156,272.9700012207031,272.9700012207031,5914600
2018-06-18,267.29998779296875,269.82000732421875,264.1099853515625,268.8900146484375,268.8900146484375,3662900
2018-06-19,260.2300109863281,262.1700134277344,256.44000244140625,262.1099853515625,262.1099853515625,4294200
2018-06-20,263.3399963378906,264.7900085449219,259.4200134277344,264.05999755859375,264.05999755859375,2876500
2018-06-21,263.2200012207031,265.6000061035156,260.29998779296875,260.5,260.5,3249100
2018-06-22,261.0,261.739990234375,258.010009765625,259.0,259.0,3027600
2018-06-25,254.27999877929688,254.3000030517578,245.5,250.41000366210938,250.41000366210938,3988900
2018-06-26,252.4600067138672,253.11000061035156,248.2100067138672,250.77000427246094,250.77000427246094,2401900
2018-06-27,255.0,255.5,241.86000061035156,243.0,243.0,4401400
2018-06-28,241.83999633789062,242.72000122070312,237.8000030517578,242.2100067138672,242.2100067138672,6468300
2018-06-29,245.89999389648438,247.77000427246094,242.0,243.0,243.0,3652300
2018-07-02,238.0800018310547,246.3800048828125,236.27999877929688,246.25,246.25,2319600
2018-07-03,248.7100067138672,249.05999755859375,245.3000030517578,246.42999267578125,246.42999267578125,2298800
2018-07-05,248.99000549316406,250.69000244140625,243.44000244140625,244.07000732421875,244.07000732421875,2972000
2018-07-06,244.75,253.5,243.8800048828125,251.77000427246094,251.77000427246094,3919700
2018-07-09,259.2799987792969,262.8999938964844,258.6000061035156,261.9700012207031,261.9700012207031,4233700
2018-07-10,262.989990234375,264.8299865722656,258.8500061035156,261.25,261.25,1932900
2018-07-11,256.489990234375,263.9599914550781,255.75,261.25,261.25,2651400
2018-07-12,264.2300109863281,272.1499938964844,263.70001220703125,271.45001220703125,271.45001220703125,3966100
2018-07-13,271.3599853515625,274.0,265.70001220703125,267.19000244140625,267.19000244140625,2532700
2018-07-16,266.45001220703125,269.739990234375,266.0,267.0799865722656,267.0799865722656,1514400
2018-07-17,264.1000061035156,271.0799865722656,259.1000061035156,270.0199890136719,270.0199890136719,2674000
2018-07-18,268.8999938964844,270.0899963378906,264.5,269.4200134277344,269.4200134277344,2036600
2018-07-19,266.7300109863281,267.29998779296875,261.92999267578125,262.4200134277344,262.4200134277344,2393200
2018-07-20,263.3599853515625,265.2099914550781,259.9599914550781,259.9800109863281,259.9800109863281,2213400
2018-07-23,257.8900146484375,261.1000061035156,257.17999267578125,260.3800048828125,260.3800048828125,1708800
2018-07-24,265.30999755859375,265.7300109863281,255.10000610351562,256.4800109863281,256.4800109863281,2749200
2018-07-25,256.4100036621094,263.70001220703125,256.4100036621094,262.9100036621094,262.9100036621094,2646000
2018-07-26,259.82000732421875,263.6300048828125,257.67999267578125,260.3500061035156,260.3500061035156,2063200
2018-07-27,262.6300048828125,262.9599914550781,251.8300018310547,255.08999633789062,255.08999633789062,2310300
2018-07-30,256.489990234375,257.30999755859375,248.3000030517578,251.39999389648438,251.39999389648438,2562500
2018-07-31,253.83999633789062,255.94000244140625,245.52999877929688,247.17999267578125,247.17999267578125,4478300
2018-08-01,234.99000549316406,237.72000122070312,226.63999938964844,228.07000732421875,228.07000732421875,14002700
2018-08-02,230.55999755859375,231.5,226.2100067138672,230.4600067138672,230.4600067138672,6600200
2018-08-03,235.0,237.5,230.83999633789062,235.64999389648438,235.64999389648438,5834600
2018-08-06,234.11000061035156,235.8000030517578,230.05999755859375,232.9600067138672,232.9600067138672,3720200
2018-08-07,228.36000061035156,230.25,224.25999450683594,226.6699981689453,226.6699981689453,7892300
2018-08-08,226.99000549316406,226.99000549316406,221.27999877929688,222.0,222.0,5162000
2018-08-09,223.36000061035156,223.72000122070312,219.60000610351562,219.88999938964844,219.88999938964844,3512600
2018-08-10,217.5,221.91000366210938,216.50999450683594,220.10000610351562,220.10000610351562,3351700
2018-08-13,220.00999450683594,220.17999267578125,216.41000366210938,217.57000732421875,217.57000732421875,2500500
2018-08-14,218.3300018310547,218.3699951171875,213.6699981689453,216.2100067138672,216.2100067138672,3194100
2018-08-15,211.3699951171875,214.14999389648438,207.9499969482422,213.47000122070312,213.47000122070312,4260700
2018-08-16,216.1199951171875,221.39999389648438,215.49000549316406,217.3000030517578,217.3000030517578,4338300
2018-08-17,221.0,225.07000732421875,217.08999633789062,222.6699981689453,222.6699981689453,5498000
2018-08-20,224.6999969482422,226.3699951171875,220.97000122070312,223.7100067138672,223.7100067138672,3228500
2018-08-21,225.77000427246094,226.27999877929688,222.4199981689453,223.1300048828125,223.1300048828125,2292200
2018-08-22,223.1999969482422,226.1699981689453,222.14999389648438,223.02999877929688,223.02999877929688,1734300
2018-08-23,224.27000427246094,224.97000122070312,218.92999267578125,219.3000030517578,219.3000030517578,2903100
2018-08-24,221.39999389648438,225.08999633789062,220.82000732421875,224.36000061035156,224.36000061035156,2813500
2018-08-27,228.38999938964844,231.38999938964844,227.77000427246094,228.61000061035156,228.61000061035156,3107400
2018-08-28,229.6999969482422,230.83999633789062,224.6999969482422,225.72000122070312,225.72000122070312,2188300
2018-08-29,225.85000610351562,226.85000610351562,223.88999938964844,225.8699951171875,225.8699951171875,1454000
2018-08-30,224.77999877929688,227.5,222.5500030517578,224.25,224.25,2352200
2018-08-31,221.7100067138672,226.8699951171875,221.27000427246094,226.47999572753906,226.47999572753906,2021100
2018-09-04,225.08999633789062,227.5,220.75999450683594,222.17999267578125,222.17999267578125,2244100
2018-09-05,219.1999969482422,220.49000549316406,215.61000061035156,216.24000549316406,216.24000549316406,2460000
2018-09-06,216.55999755859375,218.74000549316406,211.97999572753906,215.0500030517578,215.0500030517578,2228200
2018-09-07,214.02000427246094,218.02999877929688,212.39999389648438,216.0399932861328,216.0399932861328,2489700
2018-09-10,215.8699951171875,217.0399932861328,212.64999389648438,213.58999633789062,213.58999633789062,2144500
2018-09-11,210.5,216.72999572753906,208.5,216.10000610351562,216.10000610351562,2201900
2018-09-12,215.0,219.92999267578125,211.97999572753906,218.69000244140625,218.69000244140625,3018200
2018-09-13,223.99000549316406,224.6199951171875,221.11000061035156,222.4199981689453,222.4199981689453,2856400
2018-09-14,224.8800048828125,225.0,218.6300048828125,220.02999877929688,220.02999877929688,2198300
2018-09-17,216.83999633789062,220.99000549316406,216.6999969482422,217.66000366210938,217.66000366210938,2159700
2018-09-18,218.5399932861328,222.3800048828125,215.5800018310547,216.8800048828125,216.8800048828125,2116300
2018-09-19,218.5500030517578,228.9499969482422,217.74000549316406,226.41000366210938,226.41000366210938,3620400
2018-09-20,230.1999969482422,233.0,227.82000732421875,230.6199951171875,230.6199951171875,3108200
2018-09-21,234.8800048828125,234.8800048828125,228.39999389648438,228.85000610351562,228.85000610351562,3506000
2018-09-24,225.0,226.83999633789062,224.0500030517578,226.6300048828125,226.6300048828125,1527400
2018-09-25,226.75999450683594,228.66000366210938,224.44000244140625,226.60000610351562,226.60000610351562,1720800
2018-09-26,228.30999755859375,232.58999633789062,227.72999572753906,228.4199981689453,228.4199981689453,2716100
2018-09-27,228.6999969482422,231.7899932861328,226.8300018310547,230.47000122070312,230.47000122070312,1978200
2018-09-28,228.52999877929688,230.64999389648438,226.75999450683594,228.67999267578125,228.67999267578125,1817700
2018-10-01,230.80999755859375,231.1699981689453,227.1999969482422,227.39999389648438,227.39999389648438,1199500
2018-10-02,221.6699981689453,222.4499969482422,217.3000030517578,218.89999389648438,218.89999389648438,3944700
2018-10-03,220.27000427246094,220.97000122070312,215.75999450683594,216.35000610351562,216.35000610351562,2403200
2018-10-04,215.0,215.27000427246094,206.61000061035156,210.07000732421875,210.07000732421875,4032600
2018-10-05,208.57000732421875,209.22000122070312,202.2100067138672,205.6199951171875,205.6199951171875,3951600
2018-10-08,200.17999267578125,204.6300048828125,198.19000244140625,203.97999572753906,203.97999572753906,3390200
2018-10-09,201.8000030517578,203.36000061035156,199.4199981689453,200.85000610351562,200.85000610351562,3134900
2018-10-10,198.0,198.8000030517578,192.1999969482422,194.25999450683594,194.25999450683594,4555000
2018-10-11,189.2899932861328,198.13999938964844,189.0,198.0,198.0,4601200
2018-10-12,205.39999389648438,206.64999389648438,200.94000244140625,204.36000061035156,204.36000061035156,3889100
2018-10-15,201.5,203.69000244140625,198.77999877929688,200.1199951171875,200.1199951171875,1840900
2018-10-16,202.0,203.6699981689453,199.7100067138672,203.2100067138672,203.2100067138672,2400700
2018-10-17,203.74000549316406,203.75,198.75,200.72000122070312,200.72000122070312,1736100
2018-10-18,197.50999450683594,197.97000122070312,190.10000610351562,191.8800048828125,191.8800048828125,4594000
2018-10-19,193.64999389648438,197.25,190.88999938964844,191.9199981689453,191.9199981689453,2911700
2018-10-22,197.8699951171875,198.7100067138672,194.72999572753906,196.19000244140625,196.19000244140625,2795700
2018-10-23,190.16000366210938,194.9600067138672,187.8800048828125,193.4199981689453,193.4199981689453,3370000
2018-10-24,193.24000549316406,193.24000549316406,184.02000427246094,184.47000122070312,184.47000122070312,3854500
2018-10-25,186.2100067138672,192.52000427246094,185.7899932861328,190.42999267578125,190.42999267578125,2775300
2018-10-26,184.0800018310547,191.35000610351562,182.60000610351562,188.50999450683594,188.50999450683594,2903700
2018-10-29,190.0,190.0,178.10000610351562,181.75,181.75,4276800
2018-10-30,181.75,183.60000610351562,177.8000030517578,183.3699951171875,183.3699951171875,5078000
2018-10-31,184.39999389648438,192.4600067138672,181.91000366210938,190.05999755859375,190.05999755859375,6319900
2018-11-01,192.4499969482422,202.1300048828125,185.0,201.47000122070312,201.47000122070312,6436200
2018-11-02,203.22999572753906,206.25,192.02999877929688,194.69000244140625,194.69000244140625,4683800
2018-11-05,194.00999450683594,197.1699981689453,189.14999389648438,190.58999633789062,190.58999633789062,3222200
2018-11-06,191.0800018310547,194.72000122070312,190.4199981689453,192.44000244140625,192.44000244140625,1812800
2018-11-07,196.00999450683594,196.02000427246094,192.35000610351562,195.41000366210938,195.41000366210938,2063300
2018-11-08,193.6999969482422,195.75,187.97999572753906,188.5500030517578,188.5500030517578,2476300
2018-11-09,184.47999572753906,186.25,181.64999389648438,183.75,183.75,2928300
2018-11-12,183.47000122070312,183.57000732421875,178.88999938964844,180.42999267578125,180.42999267578125,2290700
2018-11-13,182.38999938964844,185.41000366210938,180.22999572753906,183.33999633789062,183.33999633789062,2968400
2018-11-14,185.5,186.97999572753906,181.6699981689453,185.05999755859375,185.05999755859375,2429900
2018-11-15,186.8000030517578,188.5,185.3699951171875,188.41000366210938,188.41000366210938,2224100
2018-11-16,187.07000732421875,188.0,183.58999633789062,186.9499969482422,186.9499969482422,1624500
2018-11-19,185.86000061035156,186.9600067138672,181.88999938964844,183.08999633789062,183.08999633789062,2665500
2018-11-20,177.60000610351562,179.9600067138672,175.32000732421875,177.47999572753906,177.47999572753906,3485600
2018-11-21,180.02000427246094,186.27000427246094,179.52000427246094,183.9499969482422,183.9499969482422,2704200
2018-11-23,181.3800048828125,183.30999755859375,181.0,182.61000061035156,182.61000061035156,1266300
2018-11-26,186.25999450683594,186.8699951171875,183.8300018310547,185.19000244140625,185.19000244140625,1860600
2018-11-27,183.60000610351562,185.25,181.11000061035156,182.7899932861328,182.7899932861328,2685100
2018-11-28,185.8000030517578,188.5,181.75,188.44000244140625,188.44000244140625,3337600
2018-11-29,186.5,187.49000549316406,182.4499969482422,183.22000122070312,183.22000122070312,3409400
2018-11-30,183.0399932861328,189.58999633789062,182.3800048828125,188.27999877929688,188.27999877929688,2939600
2018-12-03,196.0,196.0,189.2100067138672,191.3300018310547,191.3300018310547,3639200
2018-12-04,192.3699951171875,193.5,180.0,182.66000366210938,182.66000366210938,4593400
2018-12-06,176.00999450683594,183.49000549316406,174.66000366210938,180.6999969482422,180.6999969482422,4346300
2018-12-07,180.11000061035156,185.14999389648438,178.6199951171875,179.55999755859375,179.55999755859375,2854500
2018-12-10,178.25999450683594,181.5500030517578,174.25,179.1999969482422,179.1999969482422,1947000
2018-12-11,181.83999633789062,182.10000610351562,176.00999450683594,176.85000610351562,176.85000610351562,3131700
2018-12-12,180.5,182.9499969482422,179.3000030517578,179.75,179.75,2784100
2018-12-13,182.38999938964844,183.10000610351562,179.1699981689453,179.89999389648438,179.89999389648438,1797800
2018-12-14,177.6999969482422,180.50999450683594,176.47999572753906,177.5399932861328,177.5399932861328,2075000
2018-12-17,176.5800018310547,176.77999877929688,167.52999877929688,169.86000061035156,169.86000061035156,4193400
2018-12-18,173.1199951171875,173.2899932861328,167.2100067138672,167.61000061035156,167.61000061035156,2953700
2018-12-19,167.94000244140625,169.13999938964844,160.0,162.47999572753906,162.47999572753906,3970000
2018-12-20,160.86000061035156,164.58999633789062,159.8300018310547,160.36000061035156,160.36000061035156,4152200
2018-12-21,162.2899932861328,162.77000427246094,156.25,157.4199981689453,157.4199981689453,4934300
2018-12-24,155.2899932861328,161.47999572753906,155.25,157.1199951171875,157.1199951171875,2354000
2018-12-26,158.32000732421875,163.1699981689453,154.61000061035156,163.0399932861328,163.0399932861328,2689900
2018-12-27,160.5399932861328,161.9499969482422,156.0399932861328,161.5800018310547,161.5800018310547,2639500
2018-12-28,162.02999877929688,164.61000061035156,160.60000610351562,162.1699981689453,162.1699981689453,2148200
2018-12-31,163.8000030517578,164.39999389648438,157.52000427246094,158.60000610351562,158.60000610351562,2487600
2019-01-02,156.17999267578125,164.3300018310547,155.49000549316406,162.25,162.25,2997000
2019-01-03,158.75,159.8800048828125,153.77999877929688,154.7100067138672,154.7100067138672,3879200
2019-01-04,157.60000610351562,162.42999267578125,157.25,160.9499969482422,160.9499969482422,3847500
2019-01-07,162.60000610351562,164.49000549316406,158.50999450683594,162.60000610351562,162.60000610351562,3266100
2019-01-08,162.19000244140625,163.88999938964844,158.16000366210938,163.39999389648438,163.39999389648438,3253400
2019-01-09,166.72000122070312,168.41000366210938,165.47999572753906,166.63999938964844,166.63999938964844,3391500
2019-01-10,164.97999572753906,168.4499969482422,162.91000366210938,168.35000610351562,168.35000610351562,2135400
2019-01-11,167.85000610351562,168.35000610351562,164.67999267578125,166.11000061035156,166.11000061035156,2340400
2019-01-14,162.82000732421875,163.97000122070312,161.58999633789062,163.02999877929688,163.02999877929688,1786800
2019-01-15,164.42999267578125,169.94000244140625,164.39999389648438,167.92999267578125,167.92999267578125,2364000
2019-01-16,169.6199951171875,171.3300018310547,168.55999755859375,169.75,169.75,2102000
2019-01-17,167.83999633789062,169.94000244140625,164.5500030517578,168.11000061035156,168.11000061035156,3119500
2019-01-18,170.5399932861328,174.27999877929688,169.8000030517578,171.36000061035156,171.36000061035156,3239400
2019-01-22,167.35000610351562,167.4600067138672,158.52000427246094,160.38999938964844,160.38999938964844,7087600
2019-01-23,162.0,163.36000061035156,158.89999389648438,163.25999450683594,163.25999450683594,4427800
2019-01-24,163.25,163.5500030517578,161.0,162.6999969482422,162.6999969482422,2921900
2019-01-25,164.99000549316406,168.05999755859375,163.39999389648438,167.10000610351562,167.10000610351562,2985900
2019-01-28,164.17999267578125,168.22999572753906,162.72000122070312,167.5,167.5,2027500
2019-01-29,167.91000366210938,167.97999572753906,164.14999389648438,165.27000427246094,165.27000427246094,1469600
2019-01-30,166.72000122070312,170.10000610351562,165.25,169.33999633789062,169.33999633789062,2415100
2019-01-31,171.0500030517578,175.08999633789062,170.36000061035156,172.6300048828125,172.6300048828125,3320400
2019-02-01,172.67999267578125,173.5399932861328,169.3800048828125,171.27000427246094,171.27000427246094,2053900
2019-02-04,172.35000610351562,175.5399932861328,171.00999450683594,173.94000244140625,173.94000244140625,1584100
2019-02-05,175.30999755859375,176.88999938964844,173.5399932861328,176.22999572753906,176.22999572753906,1534200
2019-02-06,176.22999572753906,176.5399932861328,173.58999633789062,173.85000610351562,173.85000610351562,1247500
2019-02-07,173.52000427246094,173.9600067138672,170.05999755859375,171.5800018310547,171.5800018310547,1982700
2019-02-08,170.4600067138672,170.47999572753906,166.66000366210938,169.89999389648438,169.89999389648438,2121900
2019-02-11,172.22000122070312,172.3699951171875,166.57000732421875,168.05999755859375,168.05999755859375,2781700
2019-02-12,169.0399932861328,171.5399932861328,169.00999450683594,170.25,170.25,2396700
2019-02-13,172.97999572753906,175.35000610351562,171.7100067138672,173.82000732421875,173.82000732421875,2549100
2019-02-14,173.5,174.9600067138672,171.5500030517578,174.0800018310547,174.0800018310547,2017200
2019-02-15,175.49000549316406,175.6300048828125,169.0,170.05999755859375,170.05999755859375,3444700
2019-02-19,169.52999877929688,173.60000610351562,169.1999969482422,172.4499969482422,172.4499969482422,3155800
2019-02-20,173.38999938964844,176.08999633789062,170.50999450683594,171.17999267578125,171.17999267578125,4040500
2019-02-21,171.72999572753906,172.88999938964844,169.72999572753906,171.80999755859375,171.80999755859375,4202800
2019-02-22,173.5,174.1699981689453,164.0,167.1699981689453,167.1699981689453,9233500
2019-02-25,170.00999450683594,170.5500030517578,164.86000061035156,165.0,165.0,5832300
2019-02-26,164.0,164.33999633789062,160.60000610351562,161.97999572753906,161.97999572753906,4829400
2019-02-27,161.5500030517578,163.39999389648438,160.64999389648438,162.1699981689453,162.1699981689453,3705100
2019-02-28,162.0,163.19000244140625,160.91000366210938,162.5399932861328,162.5399932861328,3412200
2019-03-01,164.17999267578125,165.5,161.97999572753906,162.08999633789062,162.08999633789062,2656200
2019-03-04,163.7100067138672,164.25,158.44000244140625,160.9199981689453,160.9199981689453,4323000
2019-03-05,161.47000122070312,170.27999877929688,161.11000061035156,167.74000549316406,167.74000549316406,5799400
2019-03-06,169.22000122070312,173.52000427246094,169.11000061035156,170.24000549316406,170.24000549316406,5133300
2019-03-07,169.6300048828125,170.0,164.89999389648438,165.72000122070312,165.72000122070312,3247900
2019-03-08,162.94000244140625,164.7100067138672,160.8300018310547,163.64999389648438,163.64999389648438,2635000
2019-03-11,165.60000610351562,167.55999755859375,164.4600067138672,166.9600067138672,166.9600067138672,2176600
2019-03-12,168.4499969482422,168.77000427246094,164.55999755859375,166.99000549316406,166.99000549316406,1833000
2019-03-13,167.8000030517578,170.77000427246094,167.10000610351562,168.1699981689453,168.1699981689453,2432200
2019-03-14,167.9600067138672,168.0399932861328,166.14999389648438,167.74000549316406,167.74000549316406,2268600
2019-03-15,169.41000366210938,170.9499969482422,168.75,170.47999572753906,170.47999572753906,2980600
2019-03-18,172.41000366210938,174.02000427246094,169.6699981689453,171.1699981689453,171.1699981689453,2130400
2019-03-19,172.11000061035156,172.17999267578125,169.97000122070312,170.72999572753906,170.72999572753906,1668100
2019-03-20,171.27999877929688,171.27999877929688,166.60000610351562,170.1699981689453,170.1699981689453,2052600
2019-03-21,168.6999969482422,171.94000244140625,168.6999969482422,171.77000427246094,171.77000427246094,2104500
2019-03-22,170.72000122070312,170.88999938964844,165.97999572753906,166.72999572753906,166.72999572753906,2264400
2019-03-25,165.57000732421875,167.19000244140625,163.75999450683594,166.8800048828125,166.8800048828125,1623400
2019-03-26,167.0,169.86000061035156,166.5800018310547,167.1999969482422,167.1999969482422,1854800
2019-03-27,167.36000061035156,167.99000549316406,164.17999267578125,164.2899932861328,164.2899932861328,2602400
2019-03-28,165.0,165.36000061035156,162.72999572753906,164.11000061035156,164.11000061035156,1712500
2019-03-29,165.64999389648438,166.0,163.4600067138672,164.85000610351562,164.85000610351562,2695100
2019-04-01,168.07000732421875,171.39999389648438,166.9199981689453,170.39999389648438,170.39999389648438,4654900
2019-04-02,170.41000366210938,174.14999389648438,168.8800048828125,170.97999572753906,170.97999572753906,2519700
2019-04-03,173.0500030517578,176.92999267578125,172.25999450683594,174.91000366210938,174.91000366210938,3722500
2019-04-04,176.9199981689453,180.72999572753906,175.13999938964844,179.1300048828125,179.1300048828125,3963500
2019-04-05,181.3300018310547,182.47000122070312,179.8000030517578,181.5500030517578,181.5500030517578,2929500
2019-04-08,181.5500030517578,186.22000122070312,180.38999938964844,184.77000427246094,184.77000427246094,3913500
2019-04-09,185.0,185.60000610351562,180.5399932861328,181.0,181.0,3014900
2019-04-10,179.19000244140625,179.5500030517578,175.55999755859375,177.0399932861328,177.0399932861328,4180500
2019-04-11,176.5,176.63999938964844,171.13999938964844,171.1999969482422,171.1999969482422,3921800
2019-04-12,173.60000610351562,173.88999938964844,170.77999877929688,173.08999633789062,173.08999633789062,3271100
2019-04-15,172.1999969482422,172.25999450683594,167.39999389648438,168.6699981689453,168.6699981689453,3812600
2019-04-16,170.0,171.4600067138672,168.8800048828125,170.27999877929688,170.27999877929688,2118800
2019-04-17,172.19000244140625,172.39999389648438,169.8000030517578,170.3300018310547,170.3300018310547,2850100
2019-04-18,171.0,172.1999969482422,169.1199951171875,171.02000427246094,171.02000427246094,1974800
2019-04-22,170.0,170.19000244140625,167.5,169.3699951171875,169.3699951171875,2080900
2019-04-23,170.0,174.1199951171875,168.82000732421875,173.2899932861328,173.2899932861328,2821700
2019-04-24,174.0,174.25999450683594,169.10000610351562,169.3000030517578,169.3000030517578,3244900
2019-04-25,169.0,169.07000732421875,166.44000244140625,167.92999267578125,167.92999267578125,2936900
2019-04-26,167.85000610351562,167.86000061035156,163.97999572753906,166.1199951171875,166.1199951171875,3706200
2019-04-29,167.0,168.55999755859375,164.89999389648438,165.85000610351562,165.85000610351562,2985000
2019-04-30,164.67999267578125,166.57000732421875,162.1999969482422,166.22999572753906,166.22999572753906,2609400
2019-05-01,166.5800018310547,168.6300048828125,165.3699951171875,165.4199981689453,165.4199981689453,1905100
2019-05-02,165.75999450683594,167.64999389648438,164.0,166.24000549316406,166.24000549316406,1856600
2019-05-03,167.39999389648438,168.33999633789062,166.5500030517578,167.0399932861328,167.0399932861328,2232600
2019-05-06,161.0,164.77000427246094,160.0,164.5,164.5,3303300
2019-05-07,162.89999389648438,163.22000122070312,160.60000610351562,162.1300048828125,162.1300048828125,2954700
2019-05-08,161.60000610351562,161.60000610351562,158.60000610351562,159.5800018310547,159.5800018310547,4665500
2019-05-09,156.35000610351562,159.64999389648438,153.8699951171875,158.6999969482422,158.6999969482422,4238800
2019-05-10,158.0,158.99000549316406,154.69000244140625,156.75,156.75,3210100
2019-05-13,151.6300048828125,153.8000030517578,150.02000427246094,151.5399932861328,151.5399932861328,5324700
2019-05-14,153.0800018310547,153.77999877929688,151.36000061035156,152.38999938964844,152.38999938964844,3579700
2019-05-15,151.72999572753906,153.5399932861328,150.8800048828125,152.5,152.5,3072600
2019-05-16,153.30999755859375,155.4499969482422,152.02000427246094,153.6999969482422,153.6999969482422,4935400
2019-05-17,130.52999877929688,134.1300048828125,126.91000366210938,128.30999755859375,128.30999755859375,29287200
2019-05-20,123.2300033569336,123.2699966430664,117.16000366210938,117.55000305175781,117.55000305175781,18045200
2019-05-21,119.22000122070312,121.12000274658203,118.16000366210938,120.48999786376953,120.48999786376953,9091600
2019-05-22,120.80000305175781,121.1500015258789,116.77999877929688,118.4000015258789,118.4000015258789,5411200
2019-05-23,115.30000305175781,115.7699966430664,113.30000305175781,113.45999908447266,113.45999908447266,7085800
2019-05-24,114.55000305175781,115.87000274658203,114.04000091552734,114.47000122070312,114.47000122070312,4902900
2019-05-28,115.01000213623047,115.56999969482422,113.91999816894531,114.13999938964844,114.13999938964844,4576400
2019-05-29,113.19999694824219,114.0,112.08000183105469,112.94999694824219,112.94999694824219,5168700
2019-05-30,112.37000274658203,113.19000244140625,111.02999877929688,111.81999969482422,111.81999969482422,4006700
2019-05-31,110.0,111.13999938964844,108.75,110.0,110.0,5167300
2019-06-03,109.76000213623047,110.26000213623047,106.80000305175781,107.77999877929688,107.77999877929688,5739900
2019-06-04,108.45999908447266,112.31999969482422,107.11000061035156,111.43000030517578,111.43000030517578,4998600
2019-06-05,111.62999725341797,111.75,107.3499984741211,109.13999938964844,109.13999938964844,4789200
2019-06-06,109.0999984741211,109.62999725341797,107.66000366210938,108.88999938964844,108.88999938964844,2478200
2019-06-07,109.0999984741211,110.6500015258789,109.02999877929688,109.80999755859375,109.80999755859375,2581200
2019-06-10,111.0199966430664,113.66000366210938,111.0,111.76000213623047,111.76000213623047,4346100
2019-06-11,113.93000030517578,117.38999938964844,113.80999755859375,115.37000274658203,115.37000274658203,6438400
2019-06-12,114.01000213623047,114.27999877929688,112.04000091552734,113.08999633789062,113.08999633789062,3384100
2019-06-13,113.9800033569336,114.26000213623047,112.5199966430664,114.01000213623047,114.01000213623047,3080900
2019-06-14,112.80999755859375,113.29000091552734,111.5999984741211,113.08000183105469,113.08000183105469,4320200
2019-06-17,113.30000305175781,114.45999908447266,112.37999725341797,114.33000183105469,114.33000183105469,2954000
2019-06-18,115.44000244140625,119.13999938964844,115.19999694824219,116.94999694824219,116.94999694824219,4134800
2019-06-19,118.16000366210938,118.37999725341797,116.05000305175781,117.80000305175781,117.80000305175781,4102700
2019-06-20,120.0,121.06999969482422,117.5,118.30000305175781,118.30000305175781,3466300
2019-06-21,117.80000305175781,118.02999877929688,116.08000183105469,116.91000366210938,116.91000366210938,3920500
2019-06-24,117.29000091552734,117.29000091552734,115.56999969482422,116.69999694824219,116.69999694824219,1770900
2019-06-25,115.56999969482422,115.9000015258789,112.4000015258789,113.26000213623047,113.26000213623047,3450000
2019-06-26,114.58000183105469,116.94999694824219,114.22000122070312,115.7699966430664,115.7699966430664,3639500
2019-06-27,116.30999755859375,116.75,114.62000274658203,116.04000091552734,116.04000091552734,2003800
2019-06-28,116.01000213623047,117.5199966430664,115.37999725341797,117.36000061035156,117.36000061035156,3446300
2019-07-01,121.48999786376953,121.80000305175781,117.37000274658203,118.01000213623047,118.01000213623047,3723700
2019-07-02,118.1500015258789,119.41000366210938,117.22000122070312,119.3499984741211,119.3499984741211,2553300
2019-07-03,120.19999694824219,120.19999694824219,116.94000244140625,118.55999755859375,118.55999755859375,2457600
2019-07-05,117.20999908447266,117.80000305175781,115.26000213623047,116.29000091552734,116.29000091552734,3032100
2019-07-08,114.98999786376953,114.98999786376953,113.13999938964844,113.19999694824219,113.19999694824219,3317300
2019-07-09,112.3499984741211,114.94999694824219,112.0999984741211,114.80000305175781,114.80000305175781,2129700
2019-07-10,116.16000366210938,116.76000213623047,114.04000091552734,114.4000015258789,114.4000015258789,2525200
2019-07-11,114.69000244140625,115.23999786376953,114.13999938964844,114.75,114.75,1755100
2019-07-12,114.8499984741211,115.6500015258789,114.11000061035156,114.9000015258789,114.9000015258789,2564900
2019-07-15,115.01000213623047,116.05000305175781,114.5199966430664,115.62999725341797,115.62999725341797,2396500
2019-07-16,115.5,115.5999984741211,113.69999694824219,114.2300033569336,114.2300033569336,2591600
2019-07-17,114.01000213623047,114.4000015258789,113.5199966430664,113.58000183105469,113.58000183105469,2001500
2019-07-18,113.19000244140625,113.48999786376953,111.5999984741211,111.79000091552734,111.79000091552734,3903400
2019-07-19,112.8499984741211,113.69999694824219,112.18000030517578,112.25,112.25,3296800
2019-07-22,112.25,113.1500015258789,111.44999694824219,111.69999694824219,111.69999694824219,2330600
2019-07-23,112.2699966430664,115.25,112.23999786376953,115.13999938964844,115.13999938964844,4423900
2019-07-24,114.80000305175781,116.76000213623047,113.61000061035156,116.37999725341797,116.37999725341797,3820500
2019-07-25,116.2300033569336,116.26000213623047,113.98999786376953,114.47000122070312,114.47000122070312,2079100
2019-07-26,115.01000213623047,115.2699966430664,114.0199966430664,114.22000122070312,114.22000122070312,1676300
2019-07-29,113.75,114.0999984741211,112.44999694824219,113.44999694824219,113.44999694824219,2545600
2019-07-30,112.5,113.33000183105469,111.75,112.75,112.75,2973600
2019-07-31,112.5,113.26000213623047,110.75,111.69999694824219,111.69999694824219,2807200
2019-08-01,111.52999877929688,112.97000122070312,108.75,109.20999908447266,109.20999908447266,5218700
2019-08-02,108.22000122070312,109.56999969482422,106.88999938964844,107.76000213623047,107.76000213623047,3394200
2019-08-05,104.01000213623047,104.08999633789062,99.27999877929688,100.1500015258789,100.1500015258789,6951600
2019-08-06,101.68000030517578,102.0,99.26000213623047,99.68000030517578,99.68000030517578,5316500
2019-08-07,98.38999938964844,101.11000061035156,97.7699966430664,99.19000244140625,99.19000244140625,3779400
2019-08-08,99.37999725341797,99.94000244140625,98.52999877929688,99.88999938964844,99.88999938964844,3561300
2019-08-09,99.16999816894531,99.25,96.61000061035156,97.36000061035156,97.36000061035156,3009600
2019-08-12,96.23999786376953,96.5199966430664,94.87999725341797,95.08000183105469,95.08000183105469,3062700
2019-08-13,94.22000122070312,99.0,93.87999725341797,97.37999725341797,97.37999725341797,4352900
2019-08-14,95.20999908447266,96.47000122070312,93.91000366210938,94.8499984741211,94.8499984741211,4708700
2019-08-15,95.55000305175781,95.9000015258789,93.38999938964844,94.3499984741211,94.3499984741211,3674500
2019-08-16,95.27999877929688,97.4000015258789,94.13999938964844,96.69999694824219,96.69999694824219,5845100
2019-08-19,100.0,105.30000305175781,100.0,104.22000122070312,104.22000122070312,11547300
2019-08-20,112.08000183105469,113.4000015258789,108.55999755859375,108.72000122070312,108.72000122070312,14239300
2019-08-21,109.61000061035156,109.9000015258789,105.33999633789062,107.9000015258789,107.9000015258789,6463600
2019-08-22,105.7699966430664,106.69999694824219,103.45999908447266,105.44999694824219,105.44999694824219,5927000
2019-08-23,103.4000015258789,105.56999969482422,101.55000305175781,101.8499984741211,101.8499984741211,6122100
2019-08-26,102.80000305175781,104.86000061035156,102.51000213623047,103.80000305175781,103.80000305175781,3119700
2019-08-27,104.77999877929688,106.61000061035156,103.3499984741211,103.83999633789062,103.83999633789062,3530400
2019-08-28,102.95999908447266,105.30000305175781,102.26000213623047,103.58999633789062,103.58999633789062,2650700
2019-08-29,105.22000122070312,106.91000366210938,104.73999786376953,104.83000183105469,104.83000183105469,2906800
2019-08-30,105.45999908447266,105.45999908447266,103.7300033569336,104.47000122070312,104.47000122070312,2441000
2019-09-03,103.31999969482422,104.45999908447266,102.45999908447266,102.55999755859375,102.55999755859375,2279000
2019-09-04,104.12999725341797,104.55000305175781,102.04000091552734,102.54000091552734,102.54000091552734,2168500
2019-09-05,103.58999633789062,105.11000061035156,103.29000091552734,104.12000274658203,104.12000274658203,3345200
2019-09-06,104.23999786376953,104.5,102.44999694824219,102.58999633789062,102.58999633789062,2894700
2019-09-09,102.72000122070312,105.19999694824219,102.37000274658203,105.05999755859375,105.05999755859375,3498800
2019-09-10,105.19999694824219,110.58000183105469,105.05999755859375,110.4000015258789,110.4000015258789,5925600
2019-09-11,111.77999877929688,113.26000213623047,109.37999725341797,111.79000091552734,111.79000091552734,4898100
2019-09-12,112.94999694824219,113.06999969482422,110.5199966430664,111.5,111.5,4075200
2019-09-13,111.97000122070312,112.0,109.87999725341797,110.54000091552734,110.54000091552734,2983500
2019-09-16,109.94999694824219,111.63999938964844,109.41000366210938,110.9800033569336,110.9800033569336,2202700
2019-09-17,110.0199966430664,110.31999969482422,108.06999969482422,109.04000091552734,109.04000091552734,2780200
2019-09-18,108.98999786376953,109.8499984741211,107.43000030517578,108.4000015258789,108.4000015258789,2910900
2019-09-19,108.55999755859375,109.26000213623047,107.62000274658203,107.7699966430664,107.7699966430664,1946000
2019-09-20,108.0999984741211,108.45999908447266,104.66999816894531,105.16000366210938,105.16000366210938,3486600
2019-09-23,104.48999786376953,104.94000244140625,102.30000305175781,102.37000274658203,102.37000274658203,3496800
2019-09-24,102.5999984741211,102.76000213623047,97.25,97.61000061035156,97.61000061035156,6981400
2019-09-25,97.94000244140625,103.02999877929688,97.41999816894531,102.80000305175781,102.80000305175781,4040800
2019-09-26,105.9000015258789,107.9000015258789,103.51000213623047,105.06999969482422,105.06999969482422,5730100
2019-09-27,105.48999786376953,106.30000305175781,100.30000305175781,101.20999908447266,101.20999908447266,5661900
2019-09-30,102.25,103.44999694824219,101.44000244140625,102.76000213623047,102.76000213623047,2135700
2019-10-01,102.80000305175781,103.26000213623047,101.0,102.0,102.0,1778100
2019-10-02,100.8499984741211,103.23999786376953,99.5,102.62000274658203,102.62000274658203,2568100
2019-10-03,102.3499984741211,104.7300033569336,101.1500015258789,104.31999969482422,104.31999969482422,2216700
2019-10-04,103.83000183105469,105.0999984741211,103.29000091552734,104.47000122070312,104.47000122070312,1672300
2019-10-07,103.79000091552734,103.98999786376953,101.16999816894531,101.47000122070312,101.47000122070312,3374900
2019-10-08,99.5,100.55999755859375,98.19999694824219,99.52999877929688,99.52999877929688,4420000
2019-10-09,100.29000091552734,100.62999725341797,98.55000305175781,99.9000015258789,99.9000015258789,3378900
2019-10-10,100.79000091552734,104.73999786376953,100.26000213623047,103.8499984741211,103.8499984741211,3519800
2019-10-11,105.97000122070312,107.30000305175781,104.11000061035156,104.66000366210938,104.66000366210938,3868300
2019-10-14,104.51000213623047,105.80000305175781,104.31999969482422,105.45999908447266,105.45999908447266,2333500
2019-10-15,105.54000091552734,108.05000305175781,105.43000030517578,107.19999694824219,107.19999694824219,2445300
2019-10-16,107.18000030517578,109.33000183105469,107.04000091552734,108.27999877929688,108.27999877929688,3151300
2019-10-17,108.86000061035156,109.2300033569336,106.62000274658203,107.6500015258789,107.6500015258789,2059100
2019-10-18,107.4800033569336,108.08999633789062,103.52999877929688,103.73999786376953,103.73999786376953,2736000
2019-10-21,104.56999969482422,106.0999984741211,103.41000366210938,104.36000061035156,104.36000061035156,1940500
2019-10-22,104.0,104.56999969482422,102.75,103.62999725341797,103.62999725341797,1674300
2019-10-23,102.66000366210938,104.4000015258789,102.51000213623047,104.1500015258789,104.1500015258789,1406000
2019-10-24,104.08999633789062,104.12000274658203,102.94000244140625,103.69000244140625,103.69000244140625,2669900
2019-10-25,103.18000030517578,104.9000015258789,102.80000305175781,103.87000274658203,103.87000274658203,2703400
2019-10-28,104.30999755859375,105.9800033569336,103.52999877929688,104.86000061035156,104.86000061035156,3456300
2019-10-29,104.47000122070312,104.55000305175781,102.62999725341797,102.9000015258789,102.9000015258789,3586200
2019-10-30,102.8499984741211,103.08999633789062,101.2699966430664,102.93000030517578,102.93000030517578,2445000
2019-10-31,102.12999725341797,102.94999694824219,100.81999969482422,101.8499984741211,101.8499984741211,3551300
2019-11-01,103.05000305175781,104.63999938964844,102.5,104.63999938964844,104.63999938964844,5302900
2019-11-04,106.9800033569336,111.0,106.51000213623047,109.62000274658203,109.62000274658203,7579800
2019-11-05,110.9000015258789,111.0,106.86000061035156,108.05000305175781,108.05000305175781,6204900
2019-11-06,108.80999755859375,109.08999633789062,106.62000274658203,107.36000061035156,107.36000061035156,4259400
2019-11-07,115.43000030517578,122.19999694824219,115.25,121.87000274658203,121.87000274658203,16215000
2019-11-08,123.22000122070312,127.26000213623047,122.0,124.55999755859375,124.55999755859375,10231200
2019-11-11,122.69000244140625,122.69000244140625,120.26000213623047,120.87000274658203,120.87000274658203,4096200
2019-11-12,120.16999816894531,123.4800033569336,120.16999816894531,121.80000305175781,121.80000305175781,3550700
2019-11-13,119.61000061035156,120.5999984741211,117.19999694824219,118.29000091552734,118.29000091552734,3761700
2019-11-14,118.0,118.4800033569336,116.33000183105469,118.19999694824219,118.19999694824219,4780600
2019-11-15,118.73999786376953,119.76000213623047,116.76000213623047,117.05000305175781,117.05000305175781,3831700
2019-11-18,117.30999755859375,117.58999633789062,115.69999694824219,116.5199966430664,116.5199966430664,2482600
2019-11-19,117.91999816894531,117.94999694824219,115.26000213623047,115.69000244140625,115.69000244140625,2580400
2019-11-20,114.5,116.91000366210938,113.4000015258789,114.80000305175781,114.80000305175781,3127100
2019-11-21,114.19999694824219,116.27999877929688,113.94000244140625,115.6500015258789,115.6500015258789,2796900
2019-11-22,116.12000274658203,118.66000366210938,115.62000274658203,117.98999786376953,117.98999786376953,3008400
2019-11-25,119.3499984741211,121.30000305175781,118.68000030517578,120.31999969482422,120.31999969482422,3190200
2019-11-26,120.01000213623047,120.44000244140625,118.0999984741211,118.5999984741211,118.5999984741211,3810600
2019-11-27,119.18000030517578,119.83999633789062,118.44000244140625,119.51000213623047,119.51000213623047,2336500
2019-11-29,118.30000305175781,118.69000244140625,117.5999984741211,118.52999877929688,118.52999877929688,1917000
2019-12-02,118.38999938964844,119.7699966430664,116.4000015258789,117.44000244140625,117.44000244140625,2201800
2019-12-03,115.19999694824219,116.0199966430664,113.30000305175781,114.80000305175781,114.80000305175781,3215800
2019-12-04,115.68000030517578,115.91000366210938,113.91000366210938,114.20999908447266,114.20999908447266,1826500
2019-12-05,115.5,117.33999633789062,114.87999725341797,116.75,116.75,3201200
2019-12-06,117.06999969482422,117.88999938964844,115.0999984741211,115.8499984741211,115.8499984741211,2849000
2019-12-09,114.8499984741211,116.66000366210938,114.80999755859375,115.05999755859375,115.05999755859375,1667700
2019-12-10,115.66999816894531,116.2300033569336,114.66000366210938,114.77999877929688,114.77999877929688,1998900
2019-12-11,115.0,116.95999908447266,114.73999786376953,116.37000274658203,116.37000274658203,1733300
2019-12-12,117.44999694824219,121.44000244140625,117.01000213623047,120.54000091552734,120.54000091552734,4281700
2019-12-13,122.05000305175781,122.7300033569336,118.58999633789062,119.13999938964844,119.13999938964844,4255600
2019-12-16,120.4000015258789,123.79000091552734,119.66000366210938,123.19000244140625,123.19000244140625,3979000
2019-12-17,123.9000015258789,124.75,123.27999877929688,123.83999633789062,123.83999633789062,2970000
2019-12-18,124.18000030517578,126.88999938964844,123.87999725341797,126.69000244140625,126.69000244140625,4509000
2019-12-19,127.0,128.22000122070312,124.69999694824219,128.07000732421875,128.07000732421875,4905100
2019-12-20,128.0,129.16000366210938,126.44000244140625,127.48999786376953,127.48999786376953,5101500
2019-12-23,127.8499984741211,129.3800048828125,127.5999984741211,128.8300018310547,128.8300018310547,2440300
2019-12-24,129.00999450683594,129.3699951171875,127.80999755859375,128.49000549316406,128.49000549316406,889400
2019-12-26,128.63999938964844,128.9499969482422,127.19999694824219,127.58000183105469,127.58000183105469,1628500
2019-12-27,128.0,128.0,125.93000030517578,126.44999694824219,126.44999694824219,2167100
2019-12-30,125.93000030517578,127.88999938964844,125.30999755859375,126.29000091552734,126.29000091552734,2216700
2019-12-31,125.52999877929688,126.9000015258789,124.66999816894531,126.4000015258789,126.4000015258789,1863900
2020-01-02,129.49000549316406,138.63999938964844,129.44000244140625,138.22000122070312,138.22000122070312,8001400
2020-01-03,134.5800018310547,137.16000366210938,133.77999877929688,133.8000030517578,133.8000030517578,5184800
2020-01-06,132.77999877929688,136.74000549316406,132.50999450683594,135.94000244140625,135.94000244140625,3930700
2020-01-07,138.19000244140625,139.47000122070312,135.39999389648438,136.6999969482422,136.6999969482422,4535800
2020-01-08,136.74000549316406,139.1699981689453,135.6999969482422,137.8300018310547,137.8300018310547,3818900
2020-01-09,141.0,142.47999572753906,140.02000427246094,140.86000061035156,140.86000061035156,6278800
2020-01-10,142.6199951171875,144.75999450683594,140.86000061035156,144.50999450683594,144.50999450683594,6739500
2020-01-13,147.0,147.3800048828125,141.75,142.25999450683594,142.25999450683594,6549300
2020-01-14,140.67999267578125,142.1999969482422,138.00999450683594,140.0399932861328,140.0399932861328,4878500
2020-01-15,139.57000732421875,141.1699981689453,138.38999938964844,139.39999389648438,139.39999389648438,3710400
2020-01-16,142.61000061035156,142.6199951171875,138.8000030517578,139.49000549316406,139.49000549316406,4069900
2020-01-17,140.61000061035156,140.99000549316406,138.35000610351562,139.61000061035156,139.61000061035156,4232600
2020-01-21,136.49000549316406,139.0,134.39999389648438,137.10000610351562,137.10000610351562,4090600
2020-01-22,138.5500030517578,138.8699951171875,134.72000122070312,134.8000030517578,134.8000030517578,4444000
2020-01-23,132.22000122070312,134.3800048828125,131.1699981689453,134.1999969482422,134.1999969482422,4153900
2020-01-24,134.25,134.39999389648438,128.30999755859375,130.0,130.0,4309800
2020-01-27,122.0,127.38999938964844,121.0,126.27999877929688,126.27999877929688,5428600
2020-01-28,128.0500030517578,128.3000030517578,125.81999969482422,126.93000030517578,126.93000030517578,2778500
2020-01-29,127.97000122070312,128.17999267578125,126.08000183105469,126.47000122070312,126.47000122070312,2428800
2020-01-30,123.30000305175781,126.11000061035156,122.31999969482422,125.73999786376953,125.73999786376953,2952100
2020-01-31,123.19999694824219,123.87999725341797,122.0,123.55999755859375,123.55999755859375,4880900
2020-02-03,127.1500015258789,133.77999877929688,126.9000015258789,130.49000549316406,130.49000549316406,7709600
2020-02-04,134.6999969482422,134.9499969482422,131.11000061035156,131.3699951171875,131.3699951171875,3873200
2020-02-05,134.52000427246094,134.5800018310547,129.4600067138672,130.75,130.75,3523200
2020-02-06,132.25,133.74000549316406,130.33999633789062,133.16000366210938,133.16000366210938,3208200
2020-02-07,131.02000427246094,131.83999633789062,129.6999969482422,130.91000366210938,130.91000366210938,2765700
2020-02-10,129.25999450683594,131.69000244140625,129.1999969482422,131.0500030517578,131.0500030517578,3326700
2020-02-11,133.50999450683594,136.82000732421875,132.72000122070312,133.99000549316406,133.99000549316406,3546100
2020-02-12,136.72999572753906,138.5,134.66000366210938,137.49000549316406,137.49000549316406,3636600
2020-02-13,135.02000427246094,136.3000030517578,133.22999572753906,135.17999267578125,135.17999267578125,3150300
2020-02-14,135.89999389648438,135.89999389648438,134.0500030517578,134.57000732421875,134.57000732421875,1697400
2020-02-18,134.02000427246094,134.7899932861328,132.49000549316406,134.17999267578125,134.17999267578125,2817000
2020-02-19,134.24000549316406,135.8800048828125,132.8000030517578,135.80999755859375,135.80999755859375,2118400
2020-02-20,135.0,136.32000732421875,131.2100067138672,132.4600067138672,132.4600067138672,3662400
2020-02-21,131.35000610351562,131.5500030517578,128.0800018310547,129.8000030517578,129.8000030517578,3095900
2020-02-24,122.69999694824219,127.3499984741211,122.13999938964844,125.83000183105469,125.83000183105469,4581500
2020-02-25,128.36000061035156,128.44000244140625,123.5999984741211,124.43000030517578,124.43000030517578,5139300
2020-02-26,124.0199966430664,127.37999725341797,121.62999725341797,123.54000091552734,123.54000091552734,5128000
2020-02-27,122.01000213623047,124.16000366210938,119.3499984741211,119.91000366210938,119.91000366210938,6693400
2020-02-28,115.0,120.5,114.80999755859375,119.9800033569336,119.9800033569336,9797800
2020-03-02,122.80000305175781,122.97000122070312,117.83000183105469,120.7699966430664,120.7699966430664,6238800
2020-03-03,121.4000015258789,122.62000274658203,115.68000030517578,117.97000122070312,117.97000122070312,5499400
2020-03-04,119.29000091552734,121.79000091552734,119.12999725341797,121.41000366210938,121.41000366210938,4214100
2020-03-05,118.37000274658203,120.31999969482422,117.5999984741211,118.23999786376953,118.23999786376953,3046900
2020-03-06,114.98999786376953,116.91000366210938,112.22000122070312,113.73999786376953,113.73999786376953,4853000
2020-03-09,106.94000244140625,110.05999755859375,105.05000305175781,106.6500015258789,106.6500015258789,7367800
2020-03-10,110.86000061035156,111.91999816894531,106.86000061035156,111.91000366210938,111.91000366210938,5051200
2020-03-11,109.5999984741211,110.69999694824219,107.55999755859375,108.25,108.25,3854200
2020-03-12,100.05000305175781,102.4800033569336,97.41999816894531,99.0,99.0,9414500
2020-03-13,104.70999908447266,105.61000061035156,94.66000366210938,100.29000091552734,100.29000091552734,6827500
2020-03-16,90.91999816894531,96.7300033569336,89.68000030517578,89.68000030517578,89.68000030517578,6482100
2020-03-17,89.72000122070312,92.27999877929688,85.05000305175781,91.12999725341797,91.12999725341797,6343000
2020-03-18,84.5999984741211,92.88999938964844,82.0,83.62000274658203,83.62000274658203,9479800
2020-03-19,83.33999633789062,91.66000366210938,83.20999908447266,89.62000274658203,89.62000274658203,6258600
2020-03-20,91.25,93.16000366210938,87.72000122070312,88.66000366210938,88.66000366210938,5689900
2020-03-23,89.02999877929688,92.1500015258789,86.2300033569336,91.22000122070312,91.22000122070312,4709300
2020-03-24,95.18000030517578,98.91999816894531,95.05000305175781,96.43000030517578,96.43000030517578,5640100
2020-03-25,97.0,102.05000305175781,95.08000183105469,96.91999816894531,96.91999816894531,6231000
2020-03-26,98.61000061035156,102.45999908447266,97.31999969482422,101.81999969482422,101.81999969482422,5109500
2020-03-27,98.5,99.12000274658203,96.33000183105469,97.62999725341797,97.62999725341797,4113000
2020-03-30,98.5199966430664,99.5,96.1500015258789,98.94999694824219,98.94999694824219,3828100
2020-03-31,98.54000091552734,105.25,98.54000091552734,100.79000091552734,100.79000091552734,4088000
2020-04-01,98.68000030517578,101.5199966430664,97.33000183105469,97.68000030517578,97.68000030517578,3805000
2020-04-02,97.7699966430664,100.87999725341797,97.0,99.58999633789062,99.58999633789062,2442000
2020-04-03,98.91999816894531,100.2300033569336,96.0999984741211,97.19999694824219,97.19999694824219,2239700
2020-04-06,100.87999725341797,103.19999694824219,100.2699966430664,102.94000244140625,102.94000244140625,3590800
2020-04-07,105.0,107.38999938964844,101.05000305175781,101.79000091552734,101.79000091552734,6968600
2020-04-08,98.0,98.58999633789062,94.9000015258789,97.33000183105469,97.33000183105469,10164500
2020-04-09,97.56999969482422,100.37000274658203,96.4000015258789,99.0,99.0,5422300
2020-04-13,98.70999908447266,99.93000030517578,97.9800033569336,98.37000274658203,98.37000274658203,3171800
2020-04-14,99.58000183105469,103.11000061035156,99.55999755859375,100.91999816894531,100.91999816894531,3564500
2020-04-15,98.63999938964844,100.91999816894531,97.37000274658203,100.87000274658203,100.87000274658203,2771600
2020-04-16,101.5999984741211,103.02999877929688,99.66999816894531,102.81999969482422,102.81999969482422,4406400
2020-04-17,104.20999908447266,105.19000244140625,103.1500015258789,105.0,105.0,3827200
2020-04-20,103.5999984741211,107.66999816894531,103.41999816894531,104.68000030517578,104.68000030517578,3484300
2020-04-21,102.0999984741211,102.41999816894531,98.83000183105469,101.41000366210938,101.41000366210938,3843900
2020-04-22,101.98999786376953,104.36000061035156,101.19999694824219,101.75,101.75,3427200
2020-04-23,101.19999694824219,102.37999725341797,99.20999908447266,99.8499984741211,99.8499984741211,3407400
2020-04-24,101.0999984741211,101.91999816894531,99.88999938964844,100.94999694824219,100.94999694824219,2584000
2020-04-27,101.19999694824219,101.55000305175781,99.72000122070312,100.55999755859375,100.55999755859375,3148700
2020-04-28,101.0,101.0,96.80999755859375,97.12999725341797,97.12999725341797,4534500
2020-04-29,98.47000122070312,99.87999725341797,97.01000213623047,99.66999816894531,99.66999816894531,5486400
2020-04-30,99.73999786376953,102.9800033569336,98.66000366210938,100.93000030517578,100.93000030517578,5795900
2020-05-01,98.19999694824219,98.19999694824219,94.30999755859375,96.0199966430664,96.0199966430664,4622500
2020-05-04,95.43000030517578,96.0199966430664,93.54000091552734,94.76000213623047,94.76000213623047,3387800
2020-05-05,96.41000366210938,97.5999984741211,95.47000122070312,95.7699966430664,95.7699966430664,2826100
2020-05-06,96.61000061035156,98.04000091552734,95.29000091552734,97.08000183105469,97.08000183105469,2900300
2020-05-07,98.0999984741211,98.44999694824219,97.44999694824219,98.18000030517578,98.18000030517578,2331800
2020-05-08,99.79000091552734,100.66999816894531,98.1500015258789,99.7699966430664,99.7699966430664,3222300
2020-05-11,99.76000213623047,100.16999816894531,98.72000122070312,99.55000305175781,99.55000305175781,2763600
2020-05-12,100.0,100.0,97.45999908447266,97.47000122070312,97.47000122070312,3438800
2020-05-13,98.20999908447266,98.9800033569336,94.1500015258789,95.48999786376953,95.48999786376953,4356900
2020-05-14,93.19000244140625,96.16999816894531,90.94000244140625,96.0199966430664,96.0199966430664,3704900
2020-05-15,95.18000030517578,100.05999755859375,94.9000015258789,99.86000061035156,99.86000061035156,3355000
2020-05-18,101.83000183105469,108.16999816894531,101.51000213623047,107.58999633789062,107.58999633789062,10040100
2020-05-19,117.80000305175781,120.8499984741211,109.16000366210938,109.75,109.75,19633500
2020-05-20,110.69999694824219,114.19999694824219,105.69999694824219,108.5199966430664,108.5199966430664,15446200
2020-05-21,107.12000274658203,111.52999877929688,106.72000122070312,110.02999877929688,110.02999877929688,9977100
2020-05-22,106.26000213623047,107.80999755859375,102.73999786376953,103.31999969482422,103.31999969482422,8231900
2020-05-26,106.0,109.2300033569336,105.33000183105469,108.36000061035156,108.36000061035156,6268800
2020-05-27,107.80000305175781,108.87999725341797,106.01000213623047,108.22000122070312,108.22000122070312,4086500
2020-05-28,106.45999908447266,107.66999816894531,104.8499984741211,106.31999969482422,106.31999969482422,3649000
2020-05-29,105.81999969482422,106.69000244140625,102.5999984741211,106.55000305175781,106.55000305175781,6854000
2020-06-01,106.0199966430664,108.4800033569336,105.30999755859375,107.0999984741211,107.0999984741211,3922900
2020-06-02,107.7699966430664,108.72000122070312,106.91999816894531,107.2300033569336,107.2300033569336,4434500
2020-06-03,108.62000274658203,112.72000122070312,108.19999694824219,112.44999694824219,112.44999694824219,3997700
2020-06-04,112.0999984741211,113.62999725341797,108.5199966430664,109.05999755859375,109.05999755859375,3945700
2020-06-05,111.86000061035156,115.19999694824219,111.48999786376953,114.4000015258789,114.4000015258789,4270200
2020-06-08,116.0,118.37999725341797,115.62999725341797,117.02999877929688,117.02999877929688,4545200
2020-06-09,115.38999938964844,116.76000213623047,114.3499984741211,115.83000183105469,115.83000183105469,2684200
2020-06-10,118.0,118.62999725341797,115.91999816894531,116.80999755859375,116.80999755859375,3179200
2020-06-11,112.62999725341797,114.08000183105469,111.0,111.83000183105469,111.83000183105469,4004800
2020-06-12,114.5,116.8499984741211,114.1500015258789,116.2699966430664,116.2699966430664,4428600
2020-06-15,113.38999938964844,117.16999816894531,113.05999755859375,116.81999969482422,116.81999969482422,3149100
2020-06-16,127.25,128.27999877929688,122.19999694824219,122.77999877929688,122.77999877929688,9965200
2020-06-17,123.0,123.70999908447266,121.11000061035156,122.02999877929688,122.02999877929688,3758400
2020-06-18,122.02999877929688,123.95999908447266,120.79000091552734,123.45999908447266,123.45999908447266,2409600
2020-06-19,124.94000244140625,125.63999938964844,122.30999755859375,123.08000183105469,123.08000183105469,3805300
2020-06-22,122.37000274658203,123.23999786376953,120.12000274658203,123.08000183105469,123.08000183105469,2816400
2020-06-23,123.80999755859375,124.0,122.5,123.33000183105469,123.33000183105469,2504300
2020-06-24,122.05000305175781,122.93000030517578,119.4000015258789,121.37000274658203,121.37000274658203,3335800
2020-06-25,120.38999938964844,123.76000213623047,120.38999938964844,123.7300033569336,123.7300033569336,2194300
2020-06-26,123.25,124.97000122070312,120.93000030517578,121.80000305175781,121.80000305175781,2598200
2020-06-29,121.01000213623047,122.3499984741211,118.5199966430664,121.29000091552734,121.29000091552734,2045700
2020-06-30,120.3499984741211,121.9800033569336,119.12000274658203,119.88999938964844,119.88999938964844,2263100
2020-07-01,119.88999938964844,121.13999938964844,119.1500015258789,120.62999725341797,120.62999725341797,2116400
2020-07-02,123.22000122070312,124.81999969482422,122.37000274658203,123.30000305175781,123.30000305175781,3011900
2020-07-06,129.00999450683594,133.13999938964844,128.0500030517578,132.92999267578125,132.92999267578125,5763600
2020-07-07,130.0,132.0,127.81999969482422,127.83000183105469,127.83000183105469,2804600
2020-07-08,131.00999450683594,131.00999450683594,128.05999755859375,130.63999938964844,130.63999938964844,2931300
2020-07-09,134.00999450683594,135.44000244140625,130.22999572753906,132.52999877929688,132.52999877929688,4189300
2020-07-10,130.75,132.52999877929688,130.27000427246094,132.3300018310547,132.3300018310547,2065900
2020-07-13,133.6999969482422,133.86000061035156,127.68000030517578,127.83999633789062,127.83999633789062,4685400
2020-07-14,125.0,126.1500015258789,122.5,125.48999786376953,125.48999786376953,3901900
2020-07-15,126.95999908447266,127.0,124.05000305175781,125.05000305175781,125.05000305175781,2137300
2020-07-16,121.33000183105469,123.5999984741211,120.94000244140625,123.43000030517578,123.43000030517578,2432500
2020-07-17,125.0,125.0,121.87999725341797,122.7699966430664,122.7699966430664,1883200
2020-07-20,122.7699966430664,124.87000274658203,122.66000366210938,124.3499984741211,124.3499984741211,2775200
2020-07-21,125.98999786376953,126.2699966430664,123.7300033569336,125.22000122070312,125.22000122070312,3825300
2020-07-22,123.58000183105469,123.79000091552734,120.97000122070312,122.75,122.75,2923100
2020-07-23,122.20999908447266,122.66999816894531,119.41999816894531,121.0999984741211,121.0999984741211,2740900
2020-07-24,117.5,119.05999755859375,116.38999938964844,119.0199966430664,119.0199966430664,2687800
2020-07-27,117.73999786376953,118.0,114.86000061035156,115.86000061035156,115.86000061035156,2915700
2020-07-28,115.75,116.48999786376953,114.75,115.69000244140625,115.69000244140625,3345400
2020-07-29,116.45999908447266,120.44999694824219,116.44000244140625,119.81999969482422,119.81999969482422,3759100
